edad;genero;region;ingresos;gastos;saldomedio;casado;niños;coche;planahorro;tarjetacredito;hipoteca;impago
35-51;MUJER;centro_ciudad;26831.57922;19565.73043;2161.931609;NO;1;NO;NO;NO;NO;SI
35-51;HOMBRE;centro_ciudad;24940.29276;18171.07756;2137.127593;SI;3;SI;NO;SI;SI;NO
mas_de_51;MUJER;centro_ciudad;26033.96412;19051.06596;1861.211425;SI;0;SI;SI;SI;NO;NO
0-34;MUJER;centro_ciudad;28567.43619;20708.71482;2342.80955;SI;3;NO;NO;SI;NO;NO
mas_de_51;MUJER;RURAL;25870.97744;18843.48086;1838.619574;SI;0;NO;SI;NO;NO;NO
mas_de_51;MUJER;centro_ciudad;26839.99171;19660.24372;2140.543504;SI;2;NO;SI;SI;NO;SI
0-34;HOMBRE;RURAL;27713.35698;20212.27149;2157.706222;NO;0;NO;NO;SI;NO;SI
mas_de_51;HOMBRE;centro_ciudad;28022.08602;20309.43148;2176.113885;SI;0;SI;SI;SI;NO;NO
35-51;MUJER;AFUERAS;27252.55207;19854.00219;2004.725424;SI;2;SI;NO;NO;NO;NO
mas_de_51;HOMBRE;centro_ciudad;26297.41826;19265.90621;1892.833546;SI;2;SI;SI;SI;NO;NO
mas_de_51;MUJER;centro_ciudad;25186.74094;18447.81043;1790.875578;SI;0;NO;SI;SI;NO;NO
mas_de_51;MUJER;centro_ciudad;26013.19793;19010.77618;1890.328217;NO;0;SI;SI;SI;SI;NO
35-51;MUJER;centro_ciudad;26918.5872;19626.18487;2244.591556;SI;1;NO;SI;SI;SI;SI
mas_de_51;MUJER;centro_ciudad;26355.02862;19271.94284;1905.894356;SI;1;SI;SI;SI;SI;SI
35-51;HOMBRE;RURAL;24360.97115;17727.56505;2015.385896;SI;0;NO;SI;SI;SI;NO
35-51;MUJER;centro_ciudad;25419.90586;18534.2376;1724.982261;SI;0;SI;SI;SI;SI;NO
35-51;MUJER;centro_ciudad;28550.11844;20772.15682;2351.93727;SI;2;NO;NO;NO;SI;NO
35-51;MUJER;AFUERAS;24383.3147;17800.63617;1916.515212;SI;0;NO;SI;NO;SI;NO
mas_de_51;MUJER;centro_ciudad;23866.51024;17430.34482;2056.973293;SI;0;NO;SI;NO;NO;SI
0-34;HOMBRE;centro_ciudad;25492.99606;18542.25061;2038.358376;SI;0;SI;SI;SI;NO;NO
mas_de_51;HOMBRE;centro_ciudad;27533.85062;19949.03782;2304.35847;SI;2;NO;SI;NO;NO;SI
35-51;HOMBRE;centro_ciudad;28196.59221;20593.68158;1946.880237;SI;2;NO;SI;SI;NO;NO
mas_de_51;HOMBRE;centro_ciudad;24392.49833;17903.74639;1784.937368;SI;0;NO;SI;SI;NO;NO
0-34;MUJER;centro_ciudad;24446.69679;17828.99104;1831.156682;NO;0;SI;SI;SI;SI;NO
0-34;HOMBRE;centro_ciudad;27587.23752;20203.18774;2305.477634;NO;2;SI;SI;SI;NO;NO
mas_de_51;HOMBRE;centro_ciudad;27167.82504;19873.54345;1855.966553;SI;0;SI;SI;SI;SI;NO
35-51;HOMBRE;centro_ciudad;26033.1037;19065.1321;2123.097593;SI;0;NO;SI;SI;SI;NO
35-51;MUJER;centro_ciudad;25757.1873;18732.27549;1790.653395;SI;1;NO;NO;SI;NO;SI
35-51;MUJER;centro_ciudad;27294.50356;19897.04366;2080.517128;NO;3;SI;NO;SI;SI;NO
mas_de_51;HOMBRE;RURAL;25236.53282;18451.42776;2167.537308;SI;1;NO;NO;SI;NO;SI
mas_de_51;MUJER;RURAL;25664.36513;18724.09318;1824.882114;SI;2;NO;SI;SI;NO;NO
0-34;MUJER;centro_ciudad;28006.64226;20392.00227;2264.51027;SI;2;NO;SI;NO;NO;NO
35-51;HOMBRE;AFUERAS;27642.38922;20215.07766;2063.125611;SI;1;SI;SI;SI;NO;SI
0-34;MUJER;centro_ciudad;26723.35285;19395.26271;1937.80271;NO;3;SI;SI;NO;NO;NO
35-51;HOMBRE;AFUERAS;26458.27553;19235.34857;1953.35521;NO;0;NO;SI;SI;NO;SI
0-34;MUJER;centro_ciudad;24889.43979;18019.79461;1820.54204;SI;2;NO;SI;SI;NO;NO
0-34;HOMBRE;RURAL;26826.1278;19646.1401;1909.272703;SI;3;SI;SI;SI;NO;NO
35-51;MUJER;RURAL;26412.17732;19327.47401;1786.595462;NO;0;SI;NO;SI;NO;SI
35-51;MUJER;centro_ciudad;26952.30307;19674.09417;2197.987138;SI;0;SI;SI;SI;NO;NO
mas_de_51;MUJER;AFUERAS;27162.34185;19801.17313;2214.855181;NO;2;NO;NO;SI;NO;NO
mas_de_51;HOMBRE;centro_ciudad;25157.35912;18330.55483;1851.402907;SI;0;NO;NO;SI;SI;SI
35-51;MUJER;centro_ciudad;25484.78438;18658.2128;1892.659267;SI;0;SI;NO;SI;NO;NO
mas_de_51;HOMBRE;centro_ciudad;24547.4563;17867.28009;2084.68238;NO;2;SI;SI;NO;NO;SI
0-34;MUJER;centro_ciudad;23600.23388;17174.70866;1974.389367;SI;0;SI;NO;SI;SI;NO
0-34;HOMBRE;centro_ciudad;26283.87068;19056.63506;2246.735722;NO;2;SI;SI;SI;SI;NO
mas_de_51;HOMBRE;centro_ciudad;27242.1603;19952.32848;2153.32959;SI;2;NO;SI;SI;SI;SI
35-51;MUJER;centro_ciudad;23894.80621;17451.64464;1872.818492;NO;1;SI;SI;SI;NO;SI
0-34;HOMBRE;centro_ciudad;25800.80126;18760.46424;1898.032163;NO;2;NO;SI;SI;SI;SI
mas_de_51;HOMBRE;centro_ciudad;27007.07769;19799.85788;2248.506515;NO;2;SI;NO;SI;NO;SI
35-51;MUJER;RURAL;28308.29246;20619.45743;2364.846945;SI;2;SI;SI;NO;NO;NO
0-34;HOMBRE;centro_ciudad;26893.31214;19643.8202;1916.931897;NO;2;SI;SI;NO;NO;NO
35-51;HOMBRE;centro_ciudad;26764.9078;19566.40986;1861.670268;SI;0;NO;NO;NO;NO;NO
35-51;HOMBRE;centro_ciudad;26567.93451;19282.78751;1989.092555;SI;1;NO;SI;SI;NO;SI
35-51;HOMBRE;AFUERAS;27530.37754;20158.10438;1971.933802;NO;1;NO;SI;SI;NO;SI
mas_de_51;HOMBRE;centro_ciudad;28359.22244;20773.9563;1975.611326;SI;0;NO;SI;SI;SI;NO
mas_de_51;MUJER;RURAL;28434.95806;20746.61728;2175.307829;NO;3;NO;SI;NO;NO;SI
mas_de_51;MUJER;centro_ciudad;26637.78262;19407.26862;1862.696622;NO;0;NO;NO;SI;NO;SI
0-34;HOMBRE;centro_ciudad;26756.49842;19568.17179;1831.552498;SI;0;NO;SI;SI;NO;SI
0-34;MUJER;centro_ciudad;25219.67705;18329.48134;2139.386332;SI;0;NO;NO;SI;NO;NO
0-34;HOMBRE;centro_ciudad;24150.55607;17495.52634;1824.861231;NO;1;SI;SI;SI;SI;SI
35-51;MUJER;centro_ciudad;28604.70773;20856.03298;2111.079716;SI;1;NO;SI;SI;SI;SI
mas_de_51;MUJER;centro_ciudad;25320.4927;18502.68408;2055.639004;NO;1;SI;NO;SI;NO;SI
35-51;HOMBRE;centro_ciudad;26184.52238;19037.13563;1886.596661;SI;2;NO;SI;SI;NO;NO
0-34;HOMBRE;centro_ciudad;27036.09845;19612.14665;2078.990017;SI;0;NO;SI;NO;NO;NO
0-34;HOMBRE;centro_ciudad;25754.48805;18716.09562;1881.861708;NO;0;SI;SI;SI;SI;NO
35-51;HOMBRE;centro_ciudad;26160.96134;19154.76627;2026.787738;SI;0;NO;SI;SI;NO;NO
0-34;HOMBRE;centro_ciudad;24872.94999;17996.91357;1958.658212;NO;2;NO;SI;SI;NO;NO
35-51;MUJER;centro_ciudad;27242.98268;19926.02486;1981.401453;NO;0;NO;SI;SI;SI;NO
0-34;HOMBRE;centro_ciudad;25888.76659;18758.66293;2066.491259;NO;2;NO;SI;SI;NO;NO
0-34;MUJER;RURAL;26665.84038;19399.86601;2255.046882;SI;2;NO;NO;SI;NO;SI
0-34;HOMBRE;centro_ciudad;28193.95803;20658.08446;1895.562594;SI;3;SI;SI;SI;NO;NO
0-34;HOMBRE;centro_ciudad;25799.90881;18808.16482;2189.575657;NO;0;NO;NO;SI;NO;SI
35-51;HOMBRE;centro_ciudad;27337.92417;19894.07321;2057.246976;SI;3;SI;SI;SI;SI;SI
mas_de_51;MUJER;centro_ciudad;28567.50735;20896.80461;2103.055157;SI;2;NO;SI;NO;SI;NO
mas_de_51;MUJER;centro_ciudad;28506.89043;20697.69654;2195.498287;NO;2;SI;SI;SI;NO;SI
mas_de_51;MUJER;RURAL;25863.77564;18998.15049;1868.715137;NO;2;SI;NO;NO;NO;SI
35-51;MUJER;centro_ciudad;25075.42527;18273.87823;2075.018703;NO;0;NO;SI;SI;SI;NO
mas_de_51;HOMBRE;centro_ciudad;24623.86985;18098.63166;1729.1325;SI;1;SI;SI;SI;SI;SI
0-34;MUJER;centro_ciudad;24202.14718;17714.84034;2091.206837;SI;0;SI;NO;SI;NO;NO
mas_de_51;MUJER;centro_ciudad;27961.28916;20407.10628;2192.391043;SI;2;SI;SI;NO;NO;SI
35-51;MUJER;centro_ciudad;28218.95881;20575.37953;2332.750817;NO;3;NO;SI;SI;NO;SI
0-34;HOMBRE;centro_ciudad;26713.34884;19484.96674;2076.583493;NO;3;NO;NO;SI;NO;NO
0-34;MUJER;centro_ciudad;25278.92645;18507.07473;1851.360005;SI;1;NO;SI;SI;NO;NO
35-51;HOMBRE;centro_ciudad;24178.86774;17576.04484;1742.123323;SI;1;NO;SI;SI;NO;SI
mas_de_51;HOMBRE;centro_ciudad;27517.22432;20123.05659;2005.813739;SI;0;NO;NO;SI;SI;SI
35-51;HOMBRE;centro_ciudad;24491.81019;18007.46899;1910.330769;SI;1;SI;SI;SI;NO;SI
0-34;MUJER;centro_ciudad;25957.50019;18827.58384;2024.485149;SI;0;NO;SI;SI;NO;NO
mas_de_51;MUJER;centro_ciudad;27333.73284;19944.94015;1834.615971;NO;0;SI;SI;SI;SI;NO
0-34;HOMBRE;AFUERAS;24346.18592;17650.78566;1645.885382;SI;0;SI;SI;NO;SI;NO
mas_de_51;MUJER;centro_ciudad;25893.21117;18929.25703;1918.732262;SI;2;NO;NO;SI;NO;SI
35-51;HOMBRE;centro_ciudad;24290.31044;17815.70547;1820.433888;SI;1;SI;NO;SI;SI;SI
0-34;MUJER;centro_ciudad;27252.77967;19880.42994;2065.28121;NO;2;NO;SI;SI;SI;NO
mas_de_51;MUJER;RURAL;26636.00024;19453.27148;2107.482403;NO;0;NO;NO;SI;NO;SI
mas_de_51;HOMBRE;centro_ciudad;27139.37801;19892.37721;2240.264409;SI;2;SI;SI;SI;NO;NO
mas_de_51;MUJER;centro_ciudad;28403.81794;20736.19102;2058.847796;SI;0;SI;SI;NO;NO;NO
0-34;MUJER;centro_ciudad;24974.31459;18155.70187;2154.390251;SI;0;NO;SI;SI;NO;NO
0-34;HOMBRE;centro_ciudad;28235.4098;20631.20905;2053.015869;SI;1;NO;NO;NO;SI;NO
0-34;HOMBRE;centro_ciudad;24217.0489;17698.50948;1767.912271;SI;2;SI;SI;SI;SI;SI
35-51;MUJER;centro_ciudad;25487.8563;18617.08705;2026.699585;NO;2;NO;SI;SI;NO;NO
0-34;MUJER;RURAL;24429.34663;17814.40394;2018.754535;SI;0;SI;NO;SI;NO;NO
mas_de_51;HOMBRE;centro_ciudad;24404.40935;17836.6687;1979.318926;SI;1;NO;SI;SI;SI;SI
0-34;MUJER;centro_ciudad;25368.65022;18464.56445;1785.984145;SI;2;SI;SI;SI;NO;NO
35-51;HOMBRE;centro_ciudad;24942.28212;18159.43109;1784.460108;SI;0;SI;NO;SI;SI;SI
35-51;HOMBRE;centro_ciudad;26082.26136;19065.64632;1899.938573;NO;0;NO;SI;SI;SI;NO
mas_de_51;MUJER;centro_ciudad;23888.68567;17381.96401;1917.602255;SI;1;NO;SI;SI;NO;SI
35-51;HOMBRE;centro_ciudad;23865.5895;17543.7782;1908.556914;SI;3;SI;SI;SI;NO;NO
35-51;HOMBRE;RURAL;24548.25976;17976.452;1884.669373;SI;0;SI;SI;NO;NO;NO
0-34;HOMBRE;centro_ciudad;28576.0843;20868.9073;1921.258334;SI;0;NO;NO;SI;NO;NO
0-34;HOMBRE;centro_ciudad;26983.65845;19624.83634;1936.889411;NO;0;NO;SI;SI;NO;SI
0-34;MUJER;centro_ciudad;27502.72001;20150.00569;1887.09791;SI;2;SI;SI;SI;SI;NO
35-51;HOMBRE;centro_ciudad;24729.87661;17923.7522;1671.313534;NO;2;NO;SI;SI;NO;SI
0-34;HOMBRE;centro_ciudad;27958.37504;20488.86761;2175.585218;SI;3;SI;NO;NO;SI;NO
mas_de_51;MUJER;centro_ciudad;25030.32588;18218.28709;1953.849447;SI;0;SI;NO;SI;NO;NO
35-51;HOMBRE;centro_ciudad;24315.43024;17800.68038;1885.633125;NO;2;SI;SI;SI;NO;SI
mas_de_51;HOMBRE;centro_ciudad;23914.11778;17469.83078;1908.098608;SI;1;SI;SI;SI;NO;SI
mas_de_51;MUJER;centro_ciudad;27422.71815;19934.53074;2067.472843;SI;0;NO;SI;SI;NO;NO
mas_de_51;MUJER;centro_ciudad;28606.09958;20916.42628;2339.280466;SI;2;NO;SI;NO;NO;NO
0-34;HOMBRE;centro_ciudad;27865.03808;20441.31009;2053.047614;SI;3;NO;SI;SI;SI;NO
35-51;HOMBRE;centro_ciudad;25208.08875;18267.03029;1855.02228;NO;0;SI;NO;NO;NO;SI
mas_de_51;MUJER;RURAL;26267.54052;19021.37271;1969.323218;SI;3;SI;SI;SI;NO;SI
35-51;HOMBRE;RURAL;25680.44087;18737.05286;2210.14672;NO;2;NO;SI;NO;SI;NO
mas_de_51;MUJER;RURAL;27885.83618;20324.31123;2358.969514;SI;1;SI;SI;SI;NO;SI
35-51;MUJER;centro_ciudad;25649.74502;18804.6352;1873.502172;SI;1;NO;SI;NO;SI;SI
35-51;MUJER;RURAL;24253.02102;17661.99915;1651.224436;NO;1;NO;SI;SI;NO;SI
35-51;HOMBRE;RURAL;26970.39168;19725.81517;1894.099561;NO;3;SI;SI;NO;NO;SI
35-51;HOMBRE;centro_ciudad;27746.57779;20338.66823;1937.985072;SI;2;NO;NO;SI;NO;SI
35-51;MUJER;centro_ciudad;26535.47021;19359.79519;1893.280494;SI;0;SI;SI;SI;NO;NO
35-51;MUJER;centro_ciudad;24644.48263;17839.47428;2016.166011;SI;0;NO;SI;SI;NO;NO
35-51;HOMBRE;centro_ciudad;24272.28058;17700.15735;1875.996118;SI;3;SI;SI;SI;NO;NO
0-34;MUJER;RURAL;27733.92649;20271.96689;2189.182866;NO;0;SI;SI;SI;NO;SI
35-51;HOMBRE;centro_ciudad;24446.29817;17789.4334;2029.072275;NO;2;NO;NO;SI;NO;NO
mas_de_51;HOMBRE;RURAL;24678.13732;17940.29585;1719.047319;SI;3;NO;SI;SI;SI;NO
mas_de_51;MUJER;AFUERAS;26189.78838;19056.28924;1747.440068;NO;2;SI;SI;SI;NO;NO
mas_de_51;MUJER;AFUERAS;27035.8767;19629.05985;1838.266502;SI;0;SI;NO;SI;NO;NO
mas_de_51;MUJER;centro_ciudad;25122.30507;18475.00252;2165.234883;SI;2;SI;SI;SI;SI;SI
mas_de_51;MUJER;centro_ciudad;28151.76177;20652.56548;2084.556893;SI;1;SI;SI;SI;NO;SI
0-34;MUJER;centro_ciudad;23965.89964;17482.50455;1857.845317;SI;2;SI;NO;SI;SI;NO
mas_de_51;MUJER;centro_ciudad;25726.48574;18796.4832;1980.639659;NO;0;NO;SI;SI;NO;SI
mas_de_51;MUJER;RURAL;25219.42872;18437.42263;1785.050906;SI;0;NO;SI;SI;NO;NO
mas_de_51;MUJER;centro_ciudad;25913.62541;18956.52232;1904.465276;NO;1;NO;SI;SI;NO;SI
mas_de_51;HOMBRE;centro_ciudad;24476.73091;17802.38994;1944.744214;SI;3;NO;SI;SI;NO;NO
35-51;MUJER;centro_ciudad;28542.31404;20714.73023;2066.227948;SI;0;NO;NO;SI;NO;NO
0-34;MUJER;centro_ciudad;26256.58751;19128.49165;1772.218193;SI;1;SI;NO;NO;SI;NO
mas_de_51;HOMBRE;centro_ciudad;27709.8827;20146.39843;2269.396733;SI;0;SI;SI;SI;SI;NO
0-34;HOMBRE;centro_ciudad;24803.32131;18072.13068;1956.826412;SI;1;NO;SI;SI;NO;SI
mas_de_51;HOMBRE;AFUERAS;25860.29962;18887.24609;1959.546249;SI;0;NO;SI;NO;SI;SI
0-34;HOMBRE;centro_ciudad;25621.3773;18688.84819;1724.841602;SI;2;SI;NO;SI;NO;NO
0-34;MUJER;centro_ciudad;28753.33345;20946.24711;2362.657142;NO;2;NO;SI;SI;NO;NO
mas_de_51;HOMBRE;RURAL;27161.27227;19803.95563;2079.080674;SI;0;SI;SI;NO;NO;NO
0-34;MUJER;AFUERAS;26680.26444;19544.40981;2070.007356;SI;3;SI;SI;SI;NO;NO
mas_de_51;HOMBRE;RURAL;28106.33077;20538.18196;2278.958636;SI;1;SI;SI;SI;NO;SI
35-51;HOMBRE;centro_ciudad;24695.98512;18021.21759;2100.224352;NO;2;SI;NO;SI;NO;SI
mas_de_51;HOMBRE;centro_ciudad;27952.44657;20520.59264;1971.866301;SI;2;NO;SI;NO;SI;SI
0-34;HOMBRE;centro_ciudad;25011.67691;18379.25564;2086.889221;SI;1;NO;SI;SI;SI;SI
35-51;HOMBRE;RURAL;23800.72407;17309.68249;1936.523346;NO;2;SI;NO;NO;NO;NO
0-34;MUJER;AFUERAS;24475.16314;17805.65574;2027.947867;SI;2;NO;SI;SI;NO;SI
35-51;HOMBRE;centro_ciudad;24599.93464;17982.87798;1945.783969;SI;0;SI;SI;SI;NO;NO
0-34;HOMBRE;RURAL;23462.7205;17077.3081;1840.113466;SI;2;SI;SI;SI;NO;NO
mas_de_51;MUJER;centro_ciudad;24922.40514;18244.11255;2143.080476;SI;0;NO;NO;SI;NO;SI
35-51;MUJER;centro_ciudad;25252.98298;18413.05599;2131.442367;SI;1;NO;SI;SI;NO;SI
0-34;HOMBRE;centro_ciudad;27410.64428;20010.62665;2142.16057;SI;2;SI;SI;SI;NO;NO
35-51;MUJER;centro_ciudad;25285.99982;18439.86138;1861.188237;SI;0;NO;NO;NO;NO;NO
35-51;MUJER;centro_ciudad;24478.89902;17921.55547;1819.71031;NO;3;NO;NO;SI;NO;NO
0-34;MUJER;centro_ciudad;27233.56765;19882.32028;2276.757078;NO;1;SI;NO;SI;NO;NO
35-51;MUJER;centro_ciudad;28538.80608;20780.46323;2379.917851;SI;0;NO;NO;NO;NO;NO
0-34;HOMBRE;RURAL;25869.207;18935.12939;2086.358892;SI;1;NO;NO;SI;SI;SI
0-34;HOMBRE;centro_ciudad;27376.03004;19888.01731;2265.662419;NO;1;NO;SI;SI;SI;NO
0-34;HOMBRE;centro_ciudad;27772.13467;20245.14579;1925.769555;NO;1;NO;NO;NO;SI;NO
35-51;MUJER;centro_ciudad;27616.10284;20155.74591;2038.756705;NO;0;SI;SI;SI;NO;NO
mas_de_51;HOMBRE;centro_ciudad;24685.36159;18061.54505;2057.475917;SI;0;NO;NO;SI;NO;NO
mas_de_51;HOMBRE;centro_ciudad;24933.41487;18209.21912;1697.800164;SI;0;SI;SI;SI;NO;NO
0-34;HOMBRE;centro_ciudad;24538.39709;17836.16493;1740.772832;SI;2;NO;NO;SI;NO;NO
35-51;HOMBRE;centro_ciudad;28245.09098;20671.76862;2278.265484;SI;3;SI;SI;SI;NO;NO
0-34;HOMBRE;RURAL;24529.45079;17824.56068;1842.580384;SI;1;SI;SI;SI;NO;SI
mas_de_51;MUJER;centro_ciudad;25156.54532;18360.53043;2081.389208;SI;2;NO;SI;SI;NO;SI
mas_de_51;MUJER;centro_ciudad;24121.94029;17529.63026;1786.695185;NO;0;NO;SI;SI;NO;SI
35-51;HOMBRE;centro_ciudad;26236.21268;19229.88949;1887.687766;SI;0;SI;SI;SI;NO;NO
35-51;MUJER;centro_ciudad;23957.44247;17452.13962;1866.553982;SI;0;SI;SI;SI;SI;SI
35-51;HOMBRE;centro_ciudad;25547.24417;18583.46967;2181.556622;SI;0;NO;NO;NO;NO;SI
mas_de_51;HOMBRE;centro_ciudad;24704.26635;18054.47997;1671.977849;SI;2;NO;NO;SI;NO;SI
0-34;MUJER;centro_ciudad;26098.81354;19157.42038;2221.086862;SI;1;NO;SI;SI;SI;SI
mas_de_51;HOMBRE;RURAL;27546.62183;20112.29837;2327.851053;NO;0;NO;SI;SI;NO;SI
mas_de_51;MUJER;centro_ciudad;26557.39027;19401.2344;1852.279374;NO;0;SI;SI;SI;SI;NO
35-51;MUJER;centro_ciudad;24375.02528;17935.28571;1788.743268;SI;2;SI;SI;SI;SI;NO
35-51;MUJER;centro_ciudad;27021.98751;19724.93915;1875.673965;NO;0;SI;SI;NO;SI;NO
35-51;HOMBRE;RURAL;25269.06864;18450.51313;1781.138079;SI;1;SI;SI;SI;SI;SI
0-34;MUJER;centro_ciudad;27366.30788;20050.08081;1893.858785;SI;0;NO;NO;NO;SI;SI
35-51;MUJER;centro_ciudad;28328.49353;20582.28247;2304.7635;SI;1;NO;NO;SI;NO;SI
35-51;HOMBRE;centro_ciudad;27929.12024;20379.83847;2219.36284;SI;2;SI;NO;SI;SI;NO
35-51;MUJER;centro_ciudad;24998.63881;18234.48072;1674.997893;SI;0;NO;NO;SI;NO;NO
mas_de_51;MUJER;AFUERAS;27193.73126;19905.54929;1869.903172;SI;2;SI;SI;SI;NO;SI
35-51;HOMBRE;centro_ciudad;24818.49617;18108.15994;1827.27223;SI;1;SI;SI;NO;NO;NO
mas_de_51;MUJER;RURAL;25480.87759;18656.83255;1715.768647;SI;3;NO;SI;SI;NO;SI
35-51;HOMBRE;centro_ciudad;25544.2097;18607.29392;2176.025209;SI;0;SI;NO;SI;SI;SI
mas_de_51;HOMBRE;AFUERAS;24787.25824;18016.84354;1714.911645;SI;2;SI;NO;SI;NO;SI
mas_de_51;HOMBRE;centro_ciudad;25417.38314;18655.81863;1728.531591;SI;1;NO;SI;NO;SI;SI
0-34;MUJER;centro_ciudad;25019.73892;18288.15654;1873.837746;NO;0;NO;NO;SI;SI;SI
mas_de_51;HOMBRE;centro_ciudad;25405.08972;18538.59423;1883.349021;SI;2;SI;SI;SI;NO;SI
0-34;HOMBRE;centro_ciudad;27513.94885;20091.35026;2219.044543;NO;2;NO;NO;SI;SI;NO
0-34;MUJER;centro_ciudad;26380.44487;19258.62489;1926.41954;SI;0;NO;SI;SI;NO;SI
35-51;HOMBRE;centro_ciudad;25115.12551;18269.79436;1834.320876;SI;1;SI;SI;SI;NO;SI
35-51;MUJER;centro_ciudad;24460.82716;17725.08709;1727.599638;SI;0;NO;SI;SI;SI;NO
mas_de_51;HOMBRE;centro_ciudad;25902.36842;18964.23638;2122.03461;SI;0;NO;NO;SI;NO;NO
35-51;HOMBRE;centro_ciudad;25791.45036;18896.3398;1997.355807;NO;3;SI;NO;SI;NO;NO
0-34;HOMBRE;centro_ciudad;26494.03696;19243.74331;2225.55741;SI;1;NO;SI;SI;SI;SI
0-34;HOMBRE;centro_ciudad;26396.75942;19255.59422;1770.121033;NO;0;SI;NO;SI;SI;SI
mas_de_51;HOMBRE;centro_ciudad;25372.06438;18530.8485;1795.771472;NO;0;SI;SI;SI;NO;SI
0-34;MUJER;centro_ciudad;26013.9238;18954.88824;1895.208009;SI;0;NO;SI;SI;SI;NO
mas_de_51;HOMBRE;centro_ciudad;25219.39853;18442.1217;2125.728272;SI;0;SI;SI;SI;NO;NO
0-34;HOMBRE;centro_ciudad;26238.17022;19229.98131;1921.170209;NO;0;NO;SI;NO;NO;SI
mas_de_51;HOMBRE;centro_ciudad;25411.2601;18411.12529;1868.306146;NO;0;SI;NO;NO;NO;SI
mas_de_51;HOMBRE;centro_ciudad;25967.24721;18917.37804;1976.904342;SI;1;SI;SI;SI;NO;SI
0-34;HOMBRE;centro_ciudad;26022.31902;18970.46689;1999.011001;SI;0;SI;SI;SI;NO;SI
0-34;HOMBRE;centro_ciudad;26154.7045;19046.50471;1934.651937;NO;1;NO;NO;SI;NO;SI
0-34;HOMBRE;centro_ciudad;25944.16311;19037.49718;2184.266321;SI;0;NO;SI;SI;NO;NO
0-34;HOMBRE;AFUERAS;24338.47259;17679.93837;1771.232768;SI;0;NO;SI;SI;NO;NO
0-34;MUJER;AFUERAS;27582.77471;20148.88401;2236.441792;SI;0;SI;NO;SI;NO;NO
35-51;MUJER;centro_ciudad;25896.09619;18825.12684;2079.125193;SI;3;SI;SI;SI;SI;NO
35-51;HOMBRE;centro_ciudad;24751.90113;18125.78849;1842.70911;NO;0;SI;SI;NO;NO;SI
35-51;MUJER;centro_ciudad;24891.70001;18157.70737;2021.952088;SI;0;SI;SI;SI;NO;NO
35-51;MUJER;centro_ciudad;25960.74119;18877.91488;1861.165675;NO;2;SI;NO;NO;NO;NO
35-51;HOMBRE;centro_ciudad;28479.71736;20780.59808;1933.537451;SI;2;NO;SI;SI;NO;SI
35-51;MUJER;centro_ciudad;27002.42528;19676.35727;1989.298253;SI;1;NO;SI;SI;NO;SI
mas_de_51;MUJER;centro_ciudad;27016.77519;19665.83924;1944.191329;SI;0;NO;SI;SI;SI;NO
mas_de_51;HOMBRE;RURAL;28229.49406;20478.9582;2279.022916;SI;3;NO;SI;SI;NO;SI
35-51;MUJER;RURAL;25207.72096;18388.55309;2169.080896;NO;0;SI;SI;SI;NO;SI
mas_de_51;HOMBRE;centro_ciudad;27412.8097;19925.19462;2267.238153;SI;2;SI;SI;SI;NO;SI
mas_de_51;HOMBRE;centro_ciudad;28704.4137;20866.90202;2392.154088;NO;0;NO;SI;SI;NO;SI
35-51;HOMBRE;RURAL;28132.05289;20467.37583;1949.271799;NO;0;SI;NO;SI;SI;SI
0-34;HOMBRE;centro_ciudad;28713.47717;20938.84306;2202.842497;NO;0;SI;NO;NO;NO;SI
mas_de_51;MUJER;centro_ciudad;25951.32279;18958.4454;2017.085924;SI;0;SI;NO;SI;SI;SI
0-34;HOMBRE;centro_ciudad;26354.60261;19217.56544;2240.631847;NO;1;NO;NO;SI;SI;NO
0-34;HOMBRE;AFUERAS;24565.6417;17915.75089;1900.750267;SI;0;NO;NO;SI;SI;SI
0-34;MUJER;centro_ciudad;26133.63217;19074.06475;2179.037619;SI;0;SI;SI;SI;NO;NO
mas_de_51;MUJER;RURAL;28271.69951;20650.35436;2218.821944;NO;3;NO;SI;NO;NO;NO
35-51;MUJER;centro_ciudad;24394.58649;17792.81179;2076.631595;NO;1;NO;SI;SI;SI;SI
mas_de_51;HOMBRE;centro_ciudad;25888.90337;18938.93119;1984.156031;NO;2;SI;SI;SI;NO;SI
0-34;MUJER;centro_ciudad;27330.20331;19940.1053;2209.15554;SI;2;NO;SI;SI;SI;NO
0-34;MUJER;RURAL;25901.45431;18795.05867;1827.203193;SI;2;NO;SI;NO;NO;NO
0-34;HOMBRE;centro_ciudad;24274.47066;17773.63965;1621.014133;SI;0;SI;SI;SI;NO;NO
0-34;MUJER;RURAL;27892.22914;20302.18223;2100.122087;SI;2;SI;NO;NO;NO;NO
mas_de_51;MUJER;centro_ciudad;26635.3848;19491.62415;2240.507504;NO;0;SI;SI;SI;NO;SI
mas_de_51;HOMBRE;centro_ciudad;26437.7242;19244.80611;1901.254628;SI;1;SI;SI;SI;NO;SI
0-34;MUJER;centro_ciudad;28298.77348;20631.58083;2263.578013;SI;0;SI;SI;SI;NO;NO
35-51;HOMBRE;RURAL;24143.57929;17535.5377;1645.680073;SI;2;SI;SI;NO;NO;NO
35-51;HOMBRE;AFUERAS;24565.19183;17945.74212;2033.349163;NO;0;SI;SI;SI;SI;NO
0-34;MUJER;centro_ciudad;24584.05113;17818.58136;1733.782439;NO;3;SI;NO;NO;NO;NO
0-34;HOMBRE;RURAL;25904.53849;18936.15671;1961.719393;SI;0;NO;NO;SI;NO;NO
35-51;HOMBRE;centro_ciudad;23976.68373;17613.48179;1695.603987;SI;3;NO;SI;SI;NO;NO
35-51;HOMBRE;centro_ciudad;25284.19786;18333.62451;1897.326113;SI;3;SI;NO;SI;NO;NO
mas_de_51;HOMBRE;centro_ciudad;26886.766;19659.3336;2236.454138;NO;0;NO;SI;SI;SI;NO
35-51;MUJER;centro_ciudad;27400.12702;19971.64492;2291.31858;SI;1;SI;SI;SI;SI;SI
0-34;HOMBRE;centro_ciudad;23748.60618;17376.05106;1713.357191;SI;2;NO;NO;SI;SI;NO
35-51;MUJER;centro_ciudad;25611.29845;18782.67729;2050.044141;SI;1;NO;NO;NO;NO;SI
0-34;MUJER;RURAL;26889.44556;19565.69383;1823.659982;NO;3;NO;SI;SI;SI;NO
mas_de_51;MUJER;centro_ciudad;27029.71105;19662.76729;1826.575134;NO;0;SI;NO;SI;NO;SI
35-51;MUJER;AFUERAS;27967.89226;20370.01573;2336.255904;NO;2;NO;SI;SI;NO;NO
0-34;MUJER;centro_ciudad;24359.79683;17780.90184;1635.378882;SI;2;NO;NO;SI;SI;NO
35-51;MUJER;centro_ciudad;27066.87611;19796.53992;2204.909233;NO;3;NO;NO;SI;SI;NO
35-51;HOMBRE;centro_ciudad;24448.45268;17851.06429;1910.457249;NO;0;NO;NO;NO;NO;NO
0-34;HOMBRE;AFUERAS;27634.63431;20271.29367;1896.667788;SI;0;NO;SI;SI;NO;NO
35-51;MUJER;centro_ciudad;24936.1828;18113.26178;1932.384592;SI;1;NO;SI;SI;SI;SI
35-51;MUJER;centro_ciudad;27696.16463;20068.51507;2005.45342;SI;0;NO;NO;SI;NO;NO
mas_de_51;MUJER;centro_ciudad;26715.8032;19510.07449;1948.22883;SI;0;SI;SI;SI;SI;NO
0-34;HOMBRE;centro_ciudad;25484.9237;18566.3745;2013.433914;NO;0;SI;SI;NO;NO;SI
0-34;HOMBRE;centro_ciudad;27724.06904;20281.92065;1916.250615;SI;1;SI;NO;NO;NO;SI
mas_de_51;HOMBRE;centro_ciudad;24305.28849;17754.41563;1794.17551;NO;0;SI;SI;SI;NO;SI
35-51;MUJER;AFUERAS;24802.24208;18113.32041;2094.04991;NO;0;NO;SI;SI;NO;SI
mas_de_51;MUJER;centro_ciudad;24557.62535;18058.72033;1801.361892;SI;0;SI;NO;SI;NO;NO
0-34;HOMBRE;centro_ciudad;26691.18461;19393.27874;2108.855863;NO;3;SI;NO;SI;SI;NO
mas_de_51;MUJER;AFUERAS;26045.69919;19005.18177;2113.3769;NO;2;NO;SI;SI;SI;SI
mas_de_51;MUJER;centro_ciudad;24187.16436;17744.0725;2030.116002;NO;0;SI;SI;SI;NO;SI
35-51;HOMBRE;centro_ciudad;24790.11259;17973.30115;1913.073342;SI;0;NO;SI;SI;NO;NO
0-34;HOMBRE;centro_ciudad;25136.69501;18332.86293;2174.485007;SI;1;SI;NO;SI;NO;SI
35-51;MUJER;centro_ciudad;25013.48921;18177.19394;1784.419017;SI;0;SI;SI;SI;NO;NO
0-34;HOMBRE;RURAL;25407.03455;18517.45537;2060.476216;SI;0;SI;NO;SI;SI;SI
35-51;MUJER;AFUERAS;26531.44868;19299.75921;2222.794643;NO;1;NO;SI;SI;SI;SI
0-34;HOMBRE;centro_ciudad;27551.40028;20050.32763;2236.916341;SI;1;SI;SI;SI;NO;SI
mas_de_51;MUJER;RURAL;25378.27707;18513.76257;1804.59354;NO;0;NO;SI;NO;SI;NO
35-51;HOMBRE;centro_ciudad;24690.91478;18111.40605;1719.622238;SI;1;NO;NO;SI;SI;SI
0-34;HOMBRE;centro_ciudad;25268.22092;18457.44713;1859.648866;SI;1;NO;NO;NO;NO;SI
0-34;MUJER;centro_ciudad;23949.6518;17392.77123;1882.17841;SI;0;NO;SI;SI;NO;NO
mas_de_51;HOMBRE;centro_ciudad;25361.7952;18603.65746;1874.768141;SI;1;SI;SI;NO;NO;SI
35-51;MUJER;centro_ciudad;28337.80009;20680.88088;2076.045191;SI;3;NO;SI;SI;SI;NO
0-34;MUJER;centro_ciudad;24623.12676;18040.25379;1992.92266;SI;3;NO;SI;SI;NO;NO
0-34;HOMBRE;centro_ciudad;27157.63449;19763.32162;1828.865708;SI;0;NO;NO;NO;NO;NO
35-51;HOMBRE;centro_ciudad;27660.8001;20236.58423;2175.657316;SI;1;SI;SI;SI;SI;SI
mas_de_51;MUJER;centro_ciudad;25740.0908;18791.3426;2210.884464;SI;3;NO;NO;SI;NO;NO
0-34;HOMBRE;centro_ciudad;28623.86536;20790.42513;2110.454526;SI;1;NO;SI;NO;NO;NO
mas_de_51;MUJER;RURAL;24858.97928;18238.94616;1835.517421;SI;1;SI;SI;SI;NO;SI
0-34;HOMBRE;centro_ciudad;28729.10898;21006.08627;2254.469041;NO;0;NO;SI;SI;NO;SI
35-51;MUJER;centro_ciudad;27880.87987;20339.5606;2286.60001;NO;0;SI;SI;NO;NO;SI
mas_de_51;HOMBRE;RURAL;27588.55373;20246.49881;1909.698755;SI;2;SI;SI;SI;SI;SI
0-34;MUJER;centro_ciudad;25720.63886;18838.25974;2148.037433;SI;0;NO;SI;SI;NO;NO
35-51;HOMBRE;centro_ciudad;27414.41029;19939.84505;2113.283496;SI;0;NO;SI;NO;SI;NO
0-34;HOMBRE;centro_ciudad;27040.99174;19630.03851;2016.07504;SI;0;SI;SI;SI;SI;NO
mas_de_51;MUJER;RURAL;26313.61486;19218.47437;2069.351369;NO;2;SI;SI;SI;SI;NO
0-34;HOMBRE;RURAL;28383.77233;20588.37603;2257.09471;SI;2;NO;NO;NO;NO;NO
35-51;MUJER;centro_ciudad;27030.37586;19789.47089;2146.926913;NO;2;SI;NO;SI;NO;NO
0-34;MUJER;centro_ciudad;27535.78663;20129.66451;2040.191769;SI;0;NO;SI;SI;NO;NO
0-34;MUJER;centro_ciudad;25113.27303;18434.71638;1899.860363;SI;1;SI;SI;SI;SI;NO
35-51;MUJER;centro_ciudad;28233.69616;20619.17869;2014.172796;SI;0;NO;SI;NO;NO;NO
35-51;MUJER;centro_ciudad;26555.20999;19324.63981;2035.608771;SI;0;NO;SI;NO;NO;NO
35-51;HOMBRE;RURAL;26511.54753;19178.86715;2207.2461;SI;3;NO;SI;SI;SI;NO
mas_de_51;MUJER;RURAL;25472.39273;18520.44252;1734.667242;NO;3;NO;SI;SI;NO;SI
35-51;MUJER;RURAL;27469.75553;20194.92214;2007.151725;SI;0;NO;NO;SI;NO;NO
mas_de_51;HOMBRE;centro_ciudad;27600.89132;20114.34995;2019.217947;NO;2;SI;SI;SI;NO;SI
35-51;HOMBRE;RURAL;26455.99967;19315.90483;2163.991758;NO;0;SI;SI;SI;NO;SI
35-51;HOMBRE;centro_ciudad;26135.91498;19033.73763;1874.532844;NO;2;SI;SI;SI;NO;NO
0-34;MUJER;centro_ciudad;26365.66426;19338.8926;1928.236987;NO;1;NO;SI;SI;NO;NO
35-51;HOMBRE;centro_ciudad;25263.62544;18423.84121;1870.677306;SI;0;NO;SI;SI;NO;NO
mas_de_51;HOMBRE;centro_ciudad;26671.01507;19495.98572;1830.075558;NO;1;NO;SI;SI;NO;SI
mas_de_51;MUJER;centro_ciudad;26290.94814;19135.39125;2094.244232;NO;2;SI;NO;SI;NO;SI
0-34;MUJER;RURAL;25301.04675;18489.13046;1885.186212;NO;2;SI;SI;SI;NO;NO
mas_de_51;MUJER;centro_ciudad;24715.52483;18112.04023;1906.779679;SI;0;SI;SI;NO;NO;NO
35-51;HOMBRE;RURAL;26553.462;19325.56705;2091.233308;NO;0;SI;SI;SI;SI;NO
mas_de_51;HOMBRE;centro_ciudad;28270.50396;20631.18097;2246.480362;NO;2;SI;SI;SI;NO;NO
35-51;MUJER;centro_ciudad;26201.80322;19069.62937;2004.029138;NO;1;NO;SI;SI;SI;SI
0-34;MUJER;centro_ciudad;27088.29757;19809.88249;2286.433112;NO;2;NO;SI;NO;NO;NO
35-51;HOMBRE;AFUERAS;25489.84716;18574.97245;2185.927616;NO;0;SI;SI;SI;SI;NO
mas_de_51;HOMBRE;centro_ciudad;28475.23334;20702.21977;1943.461715;NO;2;SI;SI;SI;NO;SI
35-51;HOMBRE;RURAL;26083.69542;18921.34018;2144.910515;SI;0;SI;NO;NO;SI;SI
0-34;MUJER;centro_ciudad;25214.75306;18363.40783;1852.859992;SI;1;SI;SI;NO;SI;NO
0-34;HOMBRE;centro_ciudad;27140.97864;19874.00827;2100.752222;NO;0;NO;SI;SI;NO;SI
35-51;HOMBRE;AFUERAS;23729.45862;17278.57229;1673.446765;SI;0;NO;SI;SI;NO;NO
0-34;MUJER;centro_ciudad;24418.92101;17805.72827;1854.356796;NO;0;NO;NO;SI;NO;SI
35-51;HOMBRE;centro_ciudad;26048.23423;18931.5449;1960.341208;SI;1;NO;SI;NO;SI;SI
0-34;HOMBRE;centro_ciudad;24731.92525;18035.66967;1812.491891;SI;0;NO;NO;SI;SI;SI
mas_de_51;MUJER;RURAL;25290.86582;18404.02956;1710.725265;NO;1;NO;SI;NO;SI;SI
0-34;MUJER;centro_ciudad;25164.56067;18351.03739;2063.224399;SI;3;NO;NO;SI;NO;NO
mas_de_51;MUJER;RURAL;24624.57939;17874.24798;1971.319304;SI;3;SI;SI;SI;NO;SI
0-34;MUJER;centro_ciudad;26483.13159;19440.7015;1768.473376;SI;2;NO;SI;SI;SI;NO
0-34;MUJER;centro_ciudad;26616.87324;19514.63498;2019.720717;SI;0;NO;SI;NO;NO;NO
35-51;HOMBRE;AFUERAS;27904.24096;20304.06736;2028.429448;SI;2;NO;SI;SI;NO;NO
0-34;MUJER;AFUERAS;26629.19807;19501.00104;2174.016783;SI;1;NO;NO;SI;NO;SI
35-51;HOMBRE;centro_ciudad;24360.41941;17745.49491;1849.068982;SI;1;NO;SI;NO;SI;SI
35-51;HOMBRE;centro_ciudad;28682.40408;20856.37409;2194.352793;SI;2;NO;NO;NO;SI;NO
mas_de_51;HOMBRE;centro_ciudad;27841.79543;20402.27819;1861.95216;SI;1;SI;SI;NO;SI;NO
mas_de_51;HOMBRE;AFUERAS;28050.98814;20484.04781;2347.339875;SI;2;SI;SI;SI;SI;SI
0-34;HOMBRE;centro_ciudad;27683.13807;20153.25093;2212.752062;SI;0;NO;NO;SI;SI;SI
35-51;MUJER;AFUERAS;27557.41586;20135.55709;1855.353399;SI;0;NO;SI;SI;NO;NO
mas_de_51;HOMBRE;RURAL;27947.7484;20240.40846;2243.920469;SI;1;SI;SI;NO;NO;SI
mas_de_51;HOMBRE;centro_ciudad;28513.81924;20847.01845;2359.818539;SI;0;SI;SI;SI;NO;NO
mas_de_51;MUJER;centro_ciudad;27697.92935;20263.40384;2273.964861;SI;0;NO;SI;SI;NO;NO
0-34;HOMBRE;RURAL;28244.34755;20637.07211;2215.619897;SI;2;SI;SI;SI;NO;NO
mas_de_51;MUJER;centro_ciudad;26700.9743;19474.85698;1787.271359;SI;1;NO;SI;SI;NO;SI
35-51;HOMBRE;RURAL;25793.55513;18896.77807;2114.434565;SI;0;SI;SI;NO;SI;NO
mas_de_51;MUJER;centro_ciudad;24863.19346;18153.65273;1721.108478;SI;0;NO;SI;NO;NO;NO
mas_de_51;HOMBRE;centro_ciudad;26889.0874;19714.6267;1966.852282;SI;0;NO;SI;NO;SI;NO
mas_de_51;MUJER;centro_ciudad;23628.91305;17352.12606;1868.443017;NO;1;NO;NO;SI;NO;SI
0-34;MUJER;centro_ciudad;24591.62603;18024.70046;1938.184363;NO;0;SI;NO;SI;SI;SI
35-51;HOMBRE;centro_ciudad;27616.43776;20072.63536;2185.218888;SI;0;NO;SI;SI;SI;NO
mas_de_51;MUJER;RURAL;26404.35149;19147.72263;2164.732002;NO;1;NO;SI;SI;SI;NO
35-51;HOMBRE;centro_ciudad;28288.36136;20613.20931;1994.759707;NO;1;SI;SI;SI;NO;SI
35-51;MUJER;AFUERAS;23542.55403;17152.77119;1939.158589;SI;0;SI;NO;SI;SI;SI
mas_de_51;MUJER;RURAL;26550.73271;19314.4925;1836.43236;SI;2;NO;SI;SI;SI;SI
35-51;MUJER;AFUERAS;26121.62926;19091.94929;2085.308256;SI;0;NO;NO;SI;NO;NO
0-34;HOMBRE;RURAL;26529.19376;19342.62484;2105.977078;NO;0;NO;SI;SI;NO;SI
mas_de_51;MUJER;centro_ciudad;26025.67818;18962.56858;2135.630773;NO;3;SI;NO;SI;NO;NO
mas_de_51;MUJER;centro_ciudad;25858.23048;18902.21142;2177.733375;SI;1;SI;SI;NO;NO;SI
mas_de_51;MUJER;centro_ciudad;26683.27221;19411.49307;2108.499267;NO;2;SI;SI;SI;NO;SI
mas_de_51;HOMBRE;centro_ciudad;24780.93486;18156.09419;1854.653198;SI;3;NO;SI;SI;SI;NO
mas_de_51;HOMBRE;centro_ciudad;27692.86476;20179.09897;2069.110112;SI;2;NO;NO;SI;NO;NO
0-34;MUJER;centro_ciudad;24645.87351;17925.9887;2116.009315;SI;0;NO;SI;SI;NO;NO
mas_de_51;MUJER;centro_ciudad;24064.92336;17570.88652;1675.353407;SI;1;SI;SI;NO;NO;SI
0-34;HOMBRE;centro_ciudad;26100.5372;19016.01125;1848.809542;SI;2;SI;SI;NO;NO;SI
mas_de_51;MUJER;centro_ciudad;24700.7592;17972.98865;1875.642161;NO;1;SI;NO;SI;NO;SI
mas_de_51;HOMBRE;centro_ciudad;26163.8489;18967.42828;1890.407835;SI;0;SI;SI;SI;SI;NO
0-34;HOMBRE;centro_ciudad;25810.88733;18785.77675;2028.927108;SI;0;NO;SI;SI;SI;NO
mas_de_51;HOMBRE;centro_ciudad;27939.54603;20309.75406;1993.909999;SI;3;NO;SI;NO;SI;NO
mas_de_51;HOMBRE;centro_ciudad;25885.24053;18776.3048;1946.595687;SI;0;NO;SI;SI;NO;NO
35-51;MUJER;centro_ciudad;24421.03837;17812.94537;1962.834994;NO;2;NO;SI;SI;NO;SI
0-34;MUJER;centro_ciudad;27408.71161;20057.37891;1937.135974;NO;0;NO;NO;NO;NO;SI
mas_de_51;MUJER;centro_ciudad;24236.70124;17701.66594;1824.839261;SI;0;NO;NO;SI;NO;NO
mas_de_51;MUJER;AFUERAS;27503.71358;20051.70956;1923.455398;SI;2;NO;SI;SI;NO;SI
35-51;HOMBRE;centro_ciudad;27206.27026;19727.85018;2073.840733;SI;0;SI;SI;SI;NO;NO
mas_de_51;MUJER;centro_ciudad;27869.01269;20302.6119;1943.298271;NO;1;NO;NO;NO;SI;SI
35-51;HOMBRE;centro_ciudad;26946.6283;19714.64613;2169.272188;NO;2;NO;NO;SI;NO;NO
0-34;HOMBRE;AFUERAS;25695.70292;18820.57849;2003.357548;SI;0;NO;NO;SI;SI;SI
0-34;MUJER;centro_ciudad;24404.50312;17740.45636;2063.511333;SI;3;NO;NO;SI;NO;NO
mas_de_51;MUJER;centro_ciudad;23678.85958;17258.62447;1971.57996;NO;0;SI;SI;SI;NO;SI
35-51;MUJER;centro_ciudad;27687.7896;20050.29847;2131.59477;SI;2;SI;SI;SI;NO;NO
0-34;HOMBRE;centro_ciudad;26901.19689;19763.38948;2020.313041;SI;1;NO;NO;SI;NO;NO
35-51;MUJER;centro_ciudad;26056.32187;19024.04961;1883.161572;SI;1;SI;SI;SI;NO;SI
35-51;MUJER;centro_ciudad;25439.00001;18559.50064;1999.947359;SI;0;NO;NO;SI;NO;NO
mas_de_51;MUJER;centro_ciudad;27054.26286;19782.81182;2276.863754;NO;3;SI;NO;SI;SI;NO
35-51;HOMBRE;centro_ciudad;27341.64622;19968.46859;2153.430711;NO;0;NO;NO;SI;NO;NO
mas_de_51;HOMBRE;centro_ciudad;25514.00957;18658.1264;1727.490413;NO;1;SI;NO;NO;NO;SI
0-34;HOMBRE;centro_ciudad;27994.16834;20463.04056;2229.18155;NO;0;SI;NO;SI;NO;SI
35-51;MUJER;centro_ciudad;27333.46396;19912.48064;2209.45527;SI;0;NO;SI;NO;NO;NO
mas_de_51;MUJER;centro_ciudad;25112.38299;18422.41502;2002.598211;SI;0;NO;SI;SI;NO;NO
35-51;HOMBRE;centro_ciudad;28114.71976;20424.07313;2213.973397;NO;0;SI;NO;SI;NO;SI
mas_de_51;MUJER;centro_ciudad;27330.25879;19827.84437;2134.130215;SI;3;SI;SI;NO;NO;NO
mas_de_51;MUJER;centro_ciudad;27956.26189;20430.54052;2197.10096;SI;2;SI;SI;NO;SI;NO
mas_de_51;MUJER;AFUERAS;24838.73558;18207.64668;1851.290955;NO;0;SI;NO;NO;SI;SI
mas_de_51;MUJER;centro_ciudad;24857.15408;18098.7547;1810.159808;SI;3;SI;NO;NO;SI;NO
35-51;HOMBRE;RURAL;28388.60488;20698.60945;2249.171662;SI;0;SI;SI;NO;NO;NO
35-51;HOMBRE;centro_ciudad;27999.71042;20554.61165;1944.991939;SI;2;NO;SI;SI;NO;SI
mas_de_51;MUJER;centro_ciudad;27029.79352;19787.62262;1913.874661;NO;1;NO;SI;SI;NO;SI
35-51;HOMBRE;centro_ciudad;27887.32605;20201.96461;1876.133015;SI;0;SI;SI;NO;SI;NO
0-34;MUJER;RURAL;25506.2408;18670.079;1820.950581;NO;0;NO;NO;SI;SI;SI
0-34;HOMBRE;RURAL;28319.59561;20672.97879;1920.240102;NO;3;SI;NO;NO;SI;NO
35-51;HOMBRE;centro_ciudad;25929.14603;18909.13104;1759.18533;SI;0;SI;NO;SI;NO;NO
35-51;HOMBRE;centro_ciudad;25860.20953;18817.9131;2103.271638;NO;0;NO;NO;NO;SI;SI
0-34;MUJER;centro_ciudad;26024.01814;18965.98759;1763.559959;SI;3;NO;SI;SI;NO;SI
35-51;HOMBRE;AFUERAS;24488.72006;17945.57041;2058.70996;SI;3;SI;SI;SI;NO;SI
mas_de_51;HOMBRE;AFUERAS;25539.97427;18719.63273;2043.126085;NO;1;NO;SI;SI;NO;SI
0-34;HOMBRE;AFUERAS;26572.23202;19370.47099;2067.713964;NO;0;NO;SI;SI;NO;SI
35-51;MUJER;AFUERAS;26930.14612;19595.63438;2194.923541;SI;1;SI;NO;NO;NO;SI
0-34;HOMBRE;AFUERAS;28226.45403;20613.21148;2243.24161;SI;2;NO;SI;NO;NO;NO
0-34;MUJER;centro_ciudad;27720.98288;20253.05019;2311.352311;NO;1;SI;NO;SI;SI;SI
0-34;HOMBRE;centro_ciudad;24343.5161;17639.25443;1663.743002;NO;0;SI;SI;SI;SI;NO
mas_de_51;MUJER;centro_ciudad;25944.69512;18860.78232;2205.178681;NO;2;SI;SI;SI;NO;SI
0-34;MUJER;centro_ciudad;25031.25261;18251.01097;2089.670344;SI;0;SI;NO;SI;NO;SI
mas_de_51;MUJER;AFUERAS;26369.04831;19155.4108;1898.208362;SI;0;NO;SI;SI;NO;NO
0-34;HOMBRE;RURAL;26079.6049;19018.65555;2105.006825;SI;0;NO;SI;SI;SI;NO
35-51;HOMBRE;centro_ciudad;23552.07562;17182.6533;1576.044189;NO;1;NO;SI;NO;SI;NO
0-34;HOMBRE;RURAL;26099.91595;19016.03156;2156.537655;SI;1;SI;NO;NO;NO;SI
0-34;MUJER;centro_ciudad;25978.1641;18955.23228;1796.527186;SI;2;SI;SI;NO;NO;SI
mas_de_51;HOMBRE;centro_ciudad;25301.06403;18476.72396;1757.572958;SI;0;NO;SI;SI;SI;NO
mas_de_51;HOMBRE;centro_ciudad;26108.44328;19070.94634;2127.21756;SI;0;SI;SI;SI;SI;NO
35-51;HOMBRE;centro_ciudad;26601.46171;19437.20845;1866.533197;NO;1;NO;SI;NO;NO;SI
0-34;HOMBRE;centro_ciudad;28744.57075;20973.94105;1943.929845;SI;1;SI;NO;SI;NO;NO
mas_de_51;MUJER;centro_ciudad;24059.14099;17501.22939;1893.636689;SI;0;SI;SI;SI;NO;NO
0-34;HOMBRE;centro_ciudad;27302.02263;20020.60407;1846.490276;NO;1;SI;NO;SI;NO;SI
35-51;MUJER;RURAL;24076.26843;17595.59534;1895.781791;SI;0;NO;SI;SI;NO;NO
mas_de_51;MUJER;centro_ciudad;24743.35799;18014.93067;1932.306641;SI;3;NO;SI;NO;NO;NO
mas_de_51;MUJER;centro_ciudad;25105.45605;18235.50175;1989.85001;SI;2;SI;NO;NO;NO;SI
0-34;MUJER;centro_ciudad;27812.71698;20318.23223;2111.536152;SI;1;SI;NO;SI;SI;SI
35-51;HOMBRE;RURAL;23835.71593;17480.25373;1781.721408;NO;2;NO;SI;SI;SI;NO
35-51;HOMBRE;centro_ciudad;25791.84991;18656.8628;2196.431547;SI;0;NO;SI;NO;SI;NO
mas_de_51;MUJER;centro_ciudad;25150.68257;18418.45538;2160.164698;SI;1;SI;SI;SI;NO;SI
35-51;HOMBRE;centro_ciudad;26592.62713;19491.99127;1856.538503;NO;0;SI;SI;SI;SI;NO
35-51;MUJER;RURAL;26628.52969;19463.19233;1920.779878;SI;0;NO;NO;SI;SI;SI
35-51;HOMBRE;centro_ciudad;27143.93033;19769.22167;1830.920866;SI;0;SI;SI;NO;NO;NO
0-34;HOMBRE;centro_ciudad;25363.25578;18636.55182;1860.519349;NO;2;SI;SI;SI;SI;NO
35-51;HOMBRE;centro_ciudad;28588.78776;20879.77011;2006.072519;SI;0;SI;NO;NO;SI;SI
mas_de_51;MUJER;centro_ciudad;25859.2335;18983.95658;2205.641185;NO;1;SI;SI;NO;SI;SI
0-34;MUJER;AFUERAS;24771.53196;18101.1787;2089.32826;SI;1;NO;NO;SI;NO;NO
0-34;HOMBRE;centro_ciudad;26278.91717;19293.18241;1914.763988;SI;1;SI;NO;SI;NO;NO
35-51;HOMBRE;centro_ciudad;25653.21868;18647.01023;1986.924574;SI;1;NO;SI;NO;SI;SI
35-51;HOMBRE;centro_ciudad;26999.50504;19775.17698;1927.404896;SI;0;SI;SI;SI;NO;NO
35-51;MUJER;RURAL;24361.94746;17778.3934;2002.485923;SI;0;SI;SI;SI;NO;NO
35-51;HOMBRE;centro_ciudad;24608.01669;17958.37581;1938.189518;NO;0;SI;NO;SI;SI;SI
0-34;MUJER;RURAL;23519.72126;17191.68711;1791.320278;SI;0;NO;SI;SI;NO;SI
35-51;HOMBRE;RURAL;25186.89559;18342.27245;2113.36367;SI;0;SI;SI;SI;NO;NO
mas_de_51;MUJER;centro_ciudad;26726.20755;19388.82104;1995.822098;SI;0;NO;SI;SI;NO;NO
35-51;MUJER;centro_ciudad;26120.07259;19060.42489;2090.123614;SI;2;NO;NO;SI;NO;SI
mas_de_51;HOMBRE;RURAL;25594.82719;18585.10959;2023.655431;SI;3;SI;SI;NO;NO;SI
35-51;MUJER;RURAL;26845.21856;19648.02535;2162.696549;NO;0;SI;SI;SI;NO;SI
35-51;HOMBRE;centro_ciudad;25101.59975;18202.63556;1958.704159;SI;3;SI;NO;NO;NO;NO
35-51;HOMBRE;centro_ciudad;26770.60438;19401.0719;1885.067946;NO;0;SI;SI;NO;SI;NO
mas_de_51;MUJER;centro_ciudad;23953.73388;17474.35844;1996.535739;NO;0;NO;NO;SI;NO;SI
mas_de_51;MUJER;RURAL;25387.57716;18505.08407;2052.853506;NO;0;SI;SI;SI;SI;NO
0-34;HOMBRE;centro_ciudad;25880.35629;18833.15609;2131.788282;NO;0;NO;SI;SI;SI;NO
0-34;MUJER;centro_ciudad;26048.56283;18889.40097;2216.070954;SI;0;SI;SI;SI;NO;NO
0-34;MUJER;centro_ciudad;24745.02494;18034.30574;1896.530684;SI;0;SI;SI;SI;SI;NO
mas_de_51;MUJER;centro_ciudad;24030.83562;17625.40172;1623.393259;SI;0;NO;SI;SI;NO;NO
0-34;HOMBRE;AFUERAS;26325.46552;19190.60077;2252.143339;NO;1;NO;SI;SI;NO;NO
mas_de_51;HOMBRE;centro_ciudad;25010.19115;18297.95481;1761.386303;SI;1;NO;SI;SI;NO;SI
35-51;HOMBRE;centro_ciudad;28122.88679;20602.97444;2300.648797;SI;0;SI;NO;SI;SI;SI
mas_de_51;MUJER;AFUERAS;24313.99302;17772.85413;1789.759694;SI;0;SI;SI;NO;SI;NO
0-34;MUJER;centro_ciudad;23993.63064;17423.91541;1818.311848;SI;0;SI;NO;SI;SI;SI
0-34;MUJER;RURAL;27943.02874;20389.50483;2245.305366;SI;2;SI;NO;SI;NO;NO
0-34;HOMBRE;centro_ciudad;27659.10261;20153.48231;2148.450667;NO;0;SI;SI;SI;NO;SI
mas_de_51;MUJER;centro_ciudad;25729.70352;18832.41982;1878.094044;SI;2;SI;SI;SI;SI;NO
35-51;HOMBRE;centro_ciudad;26675.94657;19482.06597;1951.43915;SI;0;NO;NO;SI;NO;NO
0-34;MUJER;AFUERAS;28693.15879;20926.74798;2404.025437;NO;3;NO;SI;SI;NO;SI
35-51;HOMBRE;AFUERAS;27866.39078;20331.46443;2239.017416;SI;0;NO;NO;SI;NO;SI
mas_de_51;HOMBRE;centro_ciudad;26960.16128;19671.71782;2239.971394;NO;3;SI;SI;SI;NO;NO
mas_de_51;MUJER;centro_ciudad;27221.08635;19881.05341;2075.192706;SI;0;NO;SI;SI;SI;NO
mas_de_51;MUJER;centro_ciudad;24667.48721;18113.78837;1771.620981;SI;0;SI;SI;SI;NO;NO
mas_de_51;HOMBRE;centro_ciudad;24199.22262;17657.29143;1835.906304;SI;2;SI;SI;NO;NO;NO
35-51;MUJER;centro_ciudad;26837.68975;19709.3819;2227.788503;NO;0;NO;SI;SI;NO;SI
0-34;MUJER;centro_ciudad;25090.95543;18275.47063;2002.017501;NO;1;SI;SI;SI;SI;SI
0-34;MUJER;centro_ciudad;27402.26061;19960.80177;1987.795024;SI;2;NO;SI;SI;SI;NO
35-51;HOMBRE;RURAL;26594.76633;19412.54767;1830.091031;NO;1;NO;NO;SI;NO;SI
35-51;HOMBRE;centro_ciudad;25417.98246;18587.55701;1971.521495;SI;0;NO;SI;SI;SI;NO
35-51;HOMBRE;centro_ciudad;24591.40034;17993.13316;2136.538762;SI;2;NO;SI;SI;SI;NO
35-51;HOMBRE;centro_ciudad;26280.4364;19177.03648;2091.192858;NO;1;SI;SI;SI;NO;SI
0-34;HOMBRE;RURAL;27746.8039;20275.43616;1949.185108;SI;2;NO;NO;SI;SI;NO
35-51;HOMBRE;centro_ciudad;28364.23963;20614.2212;2115.787942;NO;2;SI;SI;SI;NO;SI
35-51;HOMBRE;RURAL;27529.7521;20076.47165;2271.810637;NO;0;NO;SI;SI;SI;NO
0-34;HOMBRE;RURAL;27970.34023;20278.0953;1940.868606;SI;0;SI;SI;NO;NO;NO
0-34;MUJER;centro_ciudad;25965.33373;19059.39785;1843.122829;SI;1;SI;SI;SI;NO;SI
mas_de_51;MUJER;centro_ciudad;24204.60398;17546.4697;2092.23158;SI;0;SI;SI;SI;SI;NO
35-51;MUJER;centro_ciudad;26952.9845;19795.57584;2250.015299;SI;0;NO;SI;NO;SI;NO
0-34;HOMBRE;RURAL;27492.66717;20156.23585;2182.301469;SI;1;NO;NO;SI;NO;SI
0-34;MUJER;centro_ciudad;25887.49421;18843.58655;1732.713652;SI;3;NO;SI;NO;NO;NO
0-34;HOMBRE;centro_ciudad;24122.34941;17591.90378;1815.339336;SI;2;NO;SI;NO;NO;SI
mas_de_51;MUJER;centro_ciudad;25596.04053;18694.83709;1751.707488;SI;1;SI;SI;NO;SI;SI
35-51;MUJER;centro_ciudad;26529.82096;19353.01606;1880.25864;NO;1;SI;SI;SI;NO;SI
mas_de_51;MUJER;centro_ciudad;28656.94576;20928.59465;2140.056271;SI;0;SI;SI;NO;SI;SI
mas_de_51;HOMBRE;centro_ciudad;28096.42371;20428.51356;1905.49651;NO;0;NO;SI;SI;NO;SI
35-51;MUJER;RURAL;27563.17347;20001.42723;2331.955791;SI;3;NO;SI;SI;NO;NO
35-51;HOMBRE;centro_ciudad;25464.01801;18602.93084;2100.360642;SI;0;NO;NO;NO;SI;SI
35-51;HOMBRE;centro_ciudad;24126.22924;17617.82821;1609.285889;NO;2;SI;SI;SI;SI;SI
mas_de_51;HOMBRE;centro_ciudad;26974.11719;19604.70953;1974.719519;NO;0;NO;SI;SI;NO;SI
mas_de_51;MUJER;centro_ciudad;26172.72683;19136.11292;1920.335755;NO;0;NO;SI;SI;SI;NO
35-51;MUJER;centro_ciudad;28301.05127;20609.95491;2060.179644;SI;0;SI;NO;SI;NO;SI
35-51;MUJER;centro_ciudad;27367.26204;19955.13682;1880.593045;SI;3;SI;SI;NO;NO;NO
mas_de_51;MUJER;centro_ciudad;27880.43574;20340.44087;1990.727838;NO;1;SI;NO;SI;NO;SI
0-34;MUJER;centro_ciudad;27931.43956;20369.62598;2316.80918;SI;0;SI;NO;NO;NO;NO
0-34;MUJER;centro_ciudad;24543.07403;17915.99879;1769.563047;NO;0;SI;SI;SI;SI;NO
mas_de_51;MUJER;centro_ciudad;27462.38183;19990.40126;2282.076339;SI;1;SI;SI;SI;NO;SI
35-51;MUJER;centro_ciudad;26080.1737;19058.50733;2081.779853;SI;0;SI;SI;SI;NO;NO
mas_de_51;MUJER;centro_ciudad;25001.6273;18194.53799;1820.178859;SI;0;NO;NO;NO;SI;SI
0-34;MUJER;AFUERAS;24564.6457;17786.93046;1716.446866;NO;0;SI;SI;SI;NO;SI
mas_de_51;HOMBRE;AFUERAS;25458.83462;18561.59529;1899.94938;NO;2;NO;SI;SI;SI;SI
0-34;MUJER;RURAL;24977.62977;18198.83186;2135.895551;SI;2;SI;SI;SI;NO;SI
0-34;MUJER;centro_ciudad;25423.52196;18608.83773;2164.49306;SI;0;NO;SI;NO;NO;NO
35-51;HOMBRE;centro_ciudad;23605.34464;17164.63008;1783.75444;SI;3;NO;SI;SI;NO;NO
mas_de_51;MUJER;centro_ciudad;24335.34429;17750.46519;1787.389396;SI;0;SI;SI;SI;SI;NO
0-34;MUJER;RURAL;26414.34351;19389.92988;1781.04709;NO;3;NO;SI;SI;NO;NO
35-51;HOMBRE;centro_ciudad;24781.60808;17994.20715;1660.71789;NO;0;SI;SI;NO;NO;SI
35-51;MUJER;centro_ciudad;27115.21392;19865.19898;2153.234579;SI;1;NO;SI;SI;NO;SI
35-51;MUJER;centro_ciudad;23607.71881;17208.89685;1830.967839;NO;0;NO;SI;NO;NO;SI
mas_de_51;HOMBRE;centro_ciudad;24677.377;17904.18224;2070.581557;SI;1;NO;SI;NO;SI;SI
0-34;MUJER;centro_ciudad;26876.4886;19559.14967;2238.666347;NO;3;NO;NO;SI;NO;NO
mas_de_51;MUJER;centro_ciudad;27188.77916;19804.02647;2046.140379;SI;3;SI;SI;SI;SI;NO
35-51;MUJER;centro_ciudad;24572.36097;17893.93031;1999.271789;SI;2;SI;NO;SI;NO;SI
35-51;MUJER;centro_ciudad;24262.94612;17718.26374;1651.365597;SI;2;SI;SI;SI;NO;NO
0-34;HOMBRE;AFUERAS;24358.84201;17846.75073;1728.275549;NO;3;NO;SI;SI;SI;NO
0-34;MUJER;centro_ciudad;26010.02876;19034.05586;2119.634499;SI;0;SI;SI;NO;SI;NO
35-51;HOMBRE;AFUERAS;23984.46112;17508.24509;1945.062152;SI;0;SI;SI;SI;SI;SI
35-51;MUJER;centro_ciudad;25372.66871;18482.02718;1823.926319;SI;1;NO;NO;SI;NO;SI
0-34;HOMBRE;centro_ciudad;26757.50701;19458.63629;1945.043394;NO;2;NO;SI;NO;SI;NO
0-34;MUJER;centro_ciudad;25080.54975;18252.85044;2018.675804;NO;1;NO;SI;SI;SI;NO
0-34;MUJER;centro_ciudad;24494.8641;17896.69276;1902.932048;SI;2;NO;NO;SI;NO;NO
mas_de_51;HOMBRE;RURAL;25191.50959;18329.21728;1849.622217;SI;1;SI;SI;SI;NO;NO
mas_de_51;HOMBRE;AFUERAS;24218.42643;17764.21411;2033.255443;SI;1;NO;SI;SI;NO;SI
35-51;MUJER;centro_ciudad;26347.04518;19108.26825;1898.372784;NO;1;SI;NO;NO;NO;SI
mas_de_51;HOMBRE;centro_ciudad;26933.36578;19798.50984;2226.003013;NO;1;NO;SI;SI;NO;SI
mas_de_51;HOMBRE;centro_ciudad;24526.41489;17813.52036;1912.496999;SI;0;SI;NO;SI;SI;SI
0-34;MUJER;centro_ciudad;25368.30177;18491.60925;1727.793359;NO;1;SI;SI;SI;SI;NO
0-34;HOMBRE;centro_ciudad;28121.9893;20430.98647;2287.363452;SI;0;NO;NO;SI;NO;NO
mas_de_51;MUJER;centro_ciudad;26855.46033;19584.64895;1885.604878;NO;1;NO;SI;SI;NO;SI
mas_de_51;MUJER;RURAL;25437.14552;18455.48876;1720.982901;NO;2;NO;SI;SI;NO;SI
35-51;MUJER;centro_ciudad;24061.1601;17605.47676;1793.825923;SI;0;NO;SI;SI;NO;NO
0-34;HOMBRE;centro_ciudad;24376.44625;17853.03708;1785.148717;SI;0;NO;SI;SI;SI;SI
35-51;MUJER;centro_ciudad;24244.61392;17770.30663;1929.510196;SI;1;SI;SI;NO;SI;SI
35-51;HOMBRE;RURAL;26012.77759;19098.6779;2217.044807;SI;2;NO;SI;SI;NO;SI
0-34;HOMBRE;centro_ciudad;25745.622;18767.58692;1847.223998;SI;2;SI;SI;SI;NO;NO
mas_de_51;HOMBRE;AFUERAS;26271.24959;19068.5275;1862.401331;SI;1;SI;SI;NO;SI;SI
35-51;HOMBRE;RURAL;25900.20741;18842.64924;1940.428429;SI;1;SI;SI;SI;NO;SI
35-51;HOMBRE;centro_ciudad;24373.14163;17917.95325;1633.294357;NO;0;NO;NO;SI;SI;SI
0-34;MUJER;centro_ciudad;27288.40511;19843.97401;2070.135726;NO;0;SI;NO;NO;SI;SI
0-34;HOMBRE;AFUERAS;26827.52216;19577.64885;1844.853775;SI;2;SI;SI;SI;NO;NO
35-51;HOMBRE;RURAL;26001.56699;18957.82959;1902.899558;SI;1;SI;SI;SI;NO;SI
mas_de_51;MUJER;centro_ciudad;25573.5304;18686.18484;1754.965954;SI;1;SI;SI;SI;SI;SI
0-34;MUJER;centro_ciudad;26127.40213;19054.82199;1989.117223;SI;1;SI;NO;SI;NO;NO
mas_de_51;HOMBRE;AFUERAS;24543.65282;17949.986;2119.216127;SI;3;NO;NO;NO;NO;NO
35-51;HOMBRE;centro_ciudad;25668.55731;18716.58193;2021.722193;SI;2;SI;SI;SI;NO;NO
35-51;MUJER;AFUERAS;25043.62797;18355.85093;1792.396164;SI;0;SI;NO;NO;SI;NO
mas_de_51;MUJER;centro_ciudad;27844.33507;20338.00447;1858.671074;SI;3;SI;SI;SI;NO;NO
0-34;MUJER;centro_ciudad;25489.13828;18595.02079;2098.127577;SI;2;SI;SI;SI;NO;NO
35-51;MUJER;RURAL;24818.52566;17990.04795;1988.764259;SI;1;SI;SI;SI;SI;SI
35-51;HOMBRE;RURAL;27323.15586;19863.5934;1869.079984;SI;0;NO;NO;SI;NO;NO
35-51;MUJER;AFUERAS;27003.79912;19563.73272;2063.838838;SI;0;NO;SI;SI;NO;NO
mas_de_51;MUJER;AFUERAS;28034.17719;20497.7051;1953.052077;SI;0;NO;NO;SI;SI;SI
35-51;HOMBRE;centro_ciudad;24434.44507;17739.55118;1976.284435;NO;1;NO;SI;SI;NO;SI
0-34;MUJER;AFUERAS;26296.7979;19110.44862;1853.111548;NO;0;NO;NO;SI;SI;SI
mas_de_51;MUJER;RURAL;26271.61877;19234.82276;1910.433396;SI;0;NO;SI;SI;NO;NO
0-34;MUJER;centro_ciudad;24780.86517;18108.15437;1970.049898;NO;1;NO;NO;SI;SI;SI
35-51;HOMBRE;AFUERAS;27486.91661;19929.28107;1957.629719;SI;0;SI;NO;SI;SI;SI
0-34;HOMBRE;centro_ciudad;25290.735;18397.51963;2021.716657;SI;0;SI;SI;NO;NO;NO
35-51;HOMBRE;centro_ciudad;27636.12776;20220.22492;2318.915188;SI;0;NO;NO;SI;SI;NO
0-34;MUJER;centro_ciudad;25005.34628;18258.0899;1891.176511;SI;2;SI;SI;SI;NO;NO
35-51;MUJER;centro_ciudad;26825.98913;19493.20618;2130.848571;SI;0;SI;SI;SI;NO;NO
35-51;HOMBRE;centro_ciudad;24740.18434;17961.6995;1980.781397;NO;1;SI;SI;SI;SI;SI
35-51;MUJER;RURAL;28333.08441;20711.25014;1976.716187;NO;3;SI;NO;SI;NO;NO
35-51;HOMBRE;centro_ciudad;25941.5404;19010.56988;2122.790256;SI;0;NO;NO;NO;NO;NO
0-34;MUJER;AFUERAS;28333.72791;20619.80523;1917.550689;NO;2;NO;SI;SI;NO;SI
35-51;HOMBRE;centro_ciudad;24611.17376;17937.28313;2113.560703;SI;2;SI;SI;SI;NO;NO
35-51;MUJER;centro_ciudad;25926.34661;18835.1141;2122.159748;SI;0;SI;SI;SI;NO;NO
35-51;HOMBRE;centro_ciudad;23828.31775;17403.8342;1759.289093;SI;0;NO;SI;SI;SI;NO
0-34;MUJER;centro_ciudad;25145.39893;18269.2317;1767.065085;SI;1;SI;SI;SI;NO;SI
mas_de_51;HOMBRE;centro_ciudad;24651.34234;17981.10281;1705.632498;SI;0;SI;SI;NO;NO;SI
0-34;HOMBRE;centro_ciudad;27256.17623;19887.46463;2006.939233;NO;0;NO;SI;SI;SI;NO
35-51;MUJER;centro_ciudad;25033.02152;18403.84358;1670.07149;SI;0;SI;NO;NO;NO;NO
mas_de_51;HOMBRE;AFUERAS;23997.83989;17524.14384;2062.098414;SI;2;SI;SI;NO;SI;SI
0-34;HOMBRE;centro_ciudad;26552.37369;19321.06202;2089.542835;SI;2;SI;NO;SI;SI;NO
35-51;MUJER;centro_ciudad;26925.41661;19668.35225;1994.889564;NO;3;NO;SI;NO;NO;NO
35-51;MUJER;RURAL;25778.80823;18802.96685;2171.874289;NO;2;SI;SI;SI;NO;NO
0-34;HOMBRE;centro_ciudad;24379.88679;17847.05614;1920.295498;SI;1;NO;SI;SI;SI;SI
0-34;HOMBRE;centro_ciudad;23569.63176;17178.98006;1574.748196;NO;3;SI;SI;SI;NO;NO
0-34;HOMBRE;centro_ciudad;25880.51533;18946.10698;1988.626288;SI;1;NO;NO;SI;NO;SI
35-51;MUJER;centro_ciudad;26969.69011;19684.63033;2184.038458;NO;1;SI;SI;NO;NO;SI
mas_de_51;HOMBRE;RURAL;26560.12125;19295.77469;2124.780951;SI;0;NO;SI;SI;NO;NO
0-34;HOMBRE;AFUERAS;23784.38059;17376.51479;2020.950305;SI;1;SI;SI;SI;NO;NO
0-34;HOMBRE;centro_ciudad;27218.85565;20009.5905;1907.873454;SI;0;NO;NO;NO;NO;NO
35-51;MUJER;centro_ciudad;27962.46861;20394.67124;1902.199703;NO;2;NO;SI;SI;SI;SI
35-51;HOMBRE;centro_ciudad;27660.21545;20132.16938;2140.506447;SI;0;NO;SI;SI;NO;NO
mas_de_51;HOMBRE;AFUERAS;27346.05869;19967.46358;2041.557055;SI;2;NO;SI;SI;NO;SI
mas_de_51;MUJER;RURAL;25374.75188;18398.85207;2046.614741;SI;3;SI;SI;SI;SI;NO
mas_de_51;MUJER;centro_ciudad;23870.56475;17442.28006;1704.461368;NO;2;SI;SI;SI;SI;NO
0-34;MUJER;centro_ciudad;27408.80503;19921.15721;2154.689587;SI;0;SI;SI;SI;NO;NO
0-34;MUJER;centro_ciudad;27950.21048;20446.54262;2308.198214;SI;0;SI;SI;NO;NO;SI
0-34;HOMBRE;centro_ciudad;27426.57293;19916.55657;2080.954181;SI;0;NO;SI;NO;SI;NO
35-51;HOMBRE;centro_ciudad;23973.85573;17487.55549;2018.898838;NO;0;SI;NO;SI;SI;SI
;;;;;;;;;;;;
;;;;;;;;;;;;
;;;;;;;;;;;;
;;;;;;;;;;;;
;;;;;;;;;;;;
;;;;;;;;;;;;
;;;;;;;;;;;;
;;;;;;;;;;;;
;;;;;;;;;;;;
;;;;;;;;;;;;
;;;;;;;;;;;;
;;;;;;;;;;;;
;;;;;;;;;;;;
;;;;;;;;;;;;
;;;;;;;;;;;;
;;;;;;;;;;;;
;;;;;;;;;;;;
;;;;;;;;;;;;
;;;;;;;;;;;;
;;;;;;;;;;;;
;;;;;;;;;;;;
;;;;;;;;;;;;
;;;;;;;;;;;;
;;;;;;;;;;;;
;;;;;;;;;;;;
;;;;;;;;;;;;
;;;;;;;;;;;;
;;;;;;;;;;;;
;;;;;;;;;;;;
;;;;;;;;;;;;
;;;;;;;;;;;;
;;;;;;;;;;;;
;;;;;;;;;;;;
;;;;;;;;;;;;
;;;;;;;;;;;;
;;;;;;;;;;;;
;;;;;;;;;;;;
;;;;;;;;;;;;
;;;;;;;;;;;;
;;;;;;;;;;;;
;;;;;;;;;;;;
;;;;;;;;;;;;
;;;;;;;;;;;;
;;;;;;;;;;;;
;;;;;;;;;;;;
;;;;;;;;;;;;
;;;;;;;;;;;;
;;;;;;;;;;;;
;;;;;;;;;;;;
;;;;;;;;;;;;
;;;;;;;;;;;;
;;;;;;;;;;;;
;;;;;;;;;;;;
;;;;;;;;;;;;
;;;;;;;;;;;;
;;;;;;;;;;;;
;;;;;;;;;;;;
;;;;;;;;;;;;
;;;;;;;;;;;;
;;;;;;;;;;;;
;;;;;;;;;;;;
;;;;;;;;;;;;
;;;;;;;;;;;;
;;;;;;;;;;;;
;;;;;;;;;;;;
;;;;;;;;;;;;
;;;;;;;;;;;;
;;;;;;;;;;;;
;;;;;;;;;;;;
;;;;;;;;;;;;
;;;;;;;;;;;;
;;;;;;;;;;;;
;;;;;;;;;;;;
;;;;;;;;;;;;
;;;;;;;;;;;;
;;;;;;;;;;;;
;;;;;;;;;;;;
;;;;;;;;;;;;
;;;;;;;;;;;;
;;;;;;;;;;;;
;;;;;;;;;;;;
;;;;;;;;;;;;
;;;;;;;;;;;;
;;;;;;;;;;;;
;;;;;;;;;;;;
;;;;;;;;;;;;
;;;;;;;;;;;;
;;;;;;;;;;;;
;;;;;;;;;;;;
;;;;;;;;;;;;
;;;;;;;;;;;;
;;;;;;;;;;;;
;;;;;;;;;;;;
;;;;;;;;;;;;
;;;;;;;;;;;;
;;;;;;;;;;;;
;;;;;;;;;;;;
;;;;;;;;;;;;
;;;;;;;;;;;;
;;;;;;;;;;;;
;;;;;;;;;;;;
;;;;;;;;;;;;
;;;;;;;;;;;;
;;;;;;;;;;;;
;;;;;;;;;;;;
;;;;;;;;;;;;
;;;;;;;;;;;;
;;;;;;;;;;;;
;;;;;;;;;;;;
;;;;;;;;;;;;
;;;;;;;;;;;;
;;;;;;;;;;;;
;;;;;;;;;;;;
;;;;;;;;;;;;
;;;;;;;;;;;;
;;;;;;;;;;;;
;;;;;;;;;;;;
;;;;;;;;;;;;
;;;;;;;;;;;;
;;;;;;;;;;;;
;;;;;;;;;;;;
;;;;;;;;;;;;
;;;;;;;;;;;;
;;;;;;;;;;;;
;;;;;;;;;;;;
;;;;;;;;;;;;
;;;;;;;;;;;;
;;;;;;;;;;;;
;;;;;;;;;;;;
;;;;;;;;;;;;
;;;;;;;;;;;;
;;;;;;;;;;;;
;;;;;;;;;;;;
;;;;;;;;;;;;
;;;;;;;;;;;;
;;;;;;;;;;;;
;;;;;;;;;;;;
;;;;;;;;;;;;
;;;;;;;;;;;;
;;;;;;;;;;;;
;;;;;;;;;;;;
;;;;;;;;;;;;
;;;;;;;;;;;;
;;;;;;;;;;;;
;;;;;;;;;;;;
;;;;;;;;;;;;
;;;;;;;;;;;;
;;;;;;;;;;;;
;;;;;;;;;;;;
;;;;;;;;;;;;
;;;;;;;;;;;;
;;;;;;;;;;;;
;;;;;;;;;;;;
;;;;;;;;;;;;
;;;;;;;;;;;;
;;;;;;;;;;;;
;;;;;;;;;;;;
;;;;;;;;;;;;
;;;;;;;;;;;;
;;;;;;;;;;;;
;;;;;;;;;;;;
;;;;;;;;;;;;
;;;;;;;;;;;;
;;;;;;;;;;;;
;;;;;;;;;;;;
;;;;;;;;;;;;
;;;;;;;;;;;;
;;;;;;;;;;;;
;;;;;;;;;;;;
;;;;;;;;;;;;
;;;;;;;;;;;;
;;;;;;;;;;;;
;;;;;;;;;;;;
;;;;;;;;;;;;
;;;;;;;;;;;;
;;;;;;;;;;;;
;;;;;;;;;;;;
;;;;;;;;;;;;
;;;;;;;;;;;;
;;;;;;;;;;;;
;;;;;;;;;;;;
;;;;;;;;;;;;
;;;;;;;;;;;;
;;;;;;;;;;;;
;;;;;;;;;;;;
;;;;;;;;;;;;
;;;;;;;;;;;;
;;;;;;;;;;;;
;;;;;;;;;;;;
;;;;;;;;;;;;
;;;;;;;;;;;;
;;;;;;;;;;;;
;;;;;;;;;;;;
;;;;;;;;;;;;
;;;;;;;;;;;;
;;;;;;;;;;;;
;;;;;;;;;;;;
;;;;;;;;;;;;
;;;;;;;;;;;;
;;;;;;;;;;;;
;;;;;;;;;;;;
;;;;;;;;;;;;
;;;;;;;;;;;;
;;;;;;;;;;;;
;;;;;;;;;;;;
;;;;;;;;;;;;
;;;;;;;;;;;;
;;;;;;;;;;;;
;;;;;;;;;;;;
;;;;;;;;;;;;
;;;;;;;;;;;;
;;;;;;;;;;;;
;;;;;;;;;;;;
;;;;;;;;;;;;
;;;;;;;;;;;;
;;;;;;;;;;;;
;;;;;;;;;;;;
;;;;;;;;;;;;
;;;;;;;;;;;;
;;;;;;;;;;;;
;;;;;;;;;;;;
;;;;;;;;;;;;
;;;;;;;;;;;;
;;;;;;;;;;;;
;;;;;;;;;;;;
;;;;;;;;;;;;
;;;;;;;;;;;;
;;;;;;;;;;;;
;;;;;;;;;;;;
;;;;;;;;;;;;
;;;;;;;;;;;;
;;;;;;;;;;;;
;;;;;;;;;;;;
;;;;;;;;;;;;
;;;;;;;;;;;;
;;;;;;;;;;;;
;;;;;;;;;;;;
;;;;;;;;;;;;
;;;;;;;;;;;;
;;;;;;;;;;;;
;;;;;;;;;;;;
;;;;;;;;;;;;
;;;;;;;;;;;;
;;;;;;;;;;;;
;;;;;;;;;;;;
;;;;;;;;;;;;
;;;;;;;;;;;;
;;;;;;;;;;;;
;;;;;;;;;;;;
;;;;;;;;;;;;
;;;;;;;;;;;;
;;;;;;;;;;;;
;;;;;;;;;;;;
;;;;;;;;;;;;
;;;;;;;;;;;;
;;;;;;;;;;;;
;;;;;;;;;;;;
;;;;;;;;;;;;
;;;;;;;;;;;;
;;;;;;;;;;;;
;;;;;;;;;;;;
;;;;;;;;;;;;
;;;;;;;;;;;;
;;;;;;;;;;;;
;;;;;;;;;;;;
;;;;;;;;;;;;
;;;;;;;;;;;;
;;;;;;;;;;;;
;;;;;;;;;;;;
;;;;;;;;;;;;
;;;;;;;;;;;;
;;;;;;;;;;;;
;;;;;;;;;;;;
;;;;;;;;;;;;
;;;;;;;;;;;;
;;;;;;;;;;;;
;;;;;;;;;;;;
;;;;;;;;;;;;
;;;;;;;;;;;;
;;;;;;;;;;;;
;;;;;;;;;;;;
;;;;;;;;;;;;
;;;;;;;;;;;;
;;;;;;;;;;;;
;;;;;;;;;;;;
;;;;;;;;;;;;
;;;;;;;;;;;;
;;;;;;;;;;;;
;;;;;;;;;;;;
;;;;;;;;;;;;
;;;;;;;;;;;;
;;;;;;;;;;;;
;;;;;;;;;;;;
;;;;;;;;;;;;
;;;;;;;;;;;;
;;;;;;;;;;;;
;;;;;;;;;;;;
;;;;;;;;;;;;
;;;;;;;;;;;;
;;;;;;;;;;;;
;;;;;;;;;;;;
;;;;;;;;;;;;
;;;;;;;;;;;;
;;;;;;;;;;;;
;;;;;;;;;;;;
;;;;;;;;;;;;
;;;;;;;;;;;;
;;;;;;;;;;;;
;;;;;;;;;;;;
;;;;;;;;;;;;
;;;;;;;;;;;;
;;;;;;;;;;;;
;;;;;;;;;;;;
;;;;;;;;;;;;
;;;;;;;;;;;;
;;;;;;;;;;;;
;;;;;;;;;;;;
;;;;;;;;;;;;
;;;;;;;;;;;;
;;;;;;;;;;;;
;;;;;;;;;;;;
;;;;;;;;;;;;
;;;;;;;;;;;;
;;;;;;;;;;;;
;;;;;;;;;;;;
;;;;;;;;;;;;
;;;;;;;;;;;;
;;;;;;;;;;;;
;;;;;;;;;;;;
;;;;;;;;;;;;
;;;;;;;;;;;;
;;;;;;;;;;;;
;;;;;;;;;;;;
;;;;;;;;;;;;
;;;;;;;;;;;;
;;;;;;;;;;;;
;;;;;;;;;;;;
;;;;;;;;;;;;
;;;;;;;;;;;;
;;;;;;;;;;;;
;;;;;;;;;;;;
;;;;;;;;;;;;
;;;;;;;;;;;;
;;;;;;;;;;;;
;;;;;;;;;;;;
;;;;;;;;;;;;
;;;;;;;;;;;;
;;;;;;;;;;;;
;;;;;;;;;;;;
;;;;;;;;;;;;
;;;;;;;;;;;;
;;;;;;;;;;;;
;;;;;;;;;;;;
;;;;;;;;;;;;
;;;;;;;;;;;;
;;;;;;;;;;;;
;;;;;;;;;;;;
;;;;;;;;;;;;
;;;;;;;;;;;;
;;;;;;;;;;;;
;;;;;;;;;;;;
;;;;;;;;;;;;
;;;;;;;;;;;;
;;;;;;;;;;;;
;;;;;;;;;;;;
;;;;;;;;;;;;
;;;;;;;;;;;;
;;;;;;;;;;;;
;;;;;;;;;;;;
;;;;;;;;;;;;
;;;;;;;;;;;;
;;;;;;;;;;;;
;;;;;;;;;;;;
;;;;;;;;;;;;
;;;;;;;;;;;;
;;;;;;;;;;;;
;;;;;;;;;;;;
;;;;;;;;;;;;
;;;;;;;;;;;;
;;;;;;;;;;;;
;;;;;;;;;;;;
;;;;;;;;;;;;
;;;;;;;;;;;;
;;;;;;;;;;;;
;;;;;;;;;;;;
;;;;;;;;;;;;
;;;;;;;;;;;;
;;;;;;;;;;;;
;;;;;;;;;;;;
;;;;;;;;;;;;
;;;;;;;;;;;;
;;;;;;;;;;;;
;;;;;;;;;;;;
;;;;;;;;;;;;
;;;;;;;;;;;;
;;;;;;;;;;;;
;;;;;;;;;;;;
;;;;;;;;;;;;
;;;;;;;;;;;;
;;;;;;;;;;;;
;;;;;;;;;;;;
;;;;;;;;;;;;
;;;;;;;;;;;;
;;;;;;;;;;;;
;;;;;;;;;;;;
;;;;;;;;;;;;
;;;;;;;;;;;;
;;;;;;;;;;;;
;;;;;;;;;;;;
;;;;;;;;;;;;
;;;;;;;;;;;;
;;;;;;;;;;;;
;;;;;;;;;;;;
;;;;;;;;;;;;
;;;;;;;;;;;;
;;;;;;;;;;;;
;;;;;;;;;;;;
;;;;;;;;;;;;
;;;;;;;;;;;;
;;;;;;;;;;;;
;;;;;;;;;;;;
;;;;;;;;;;;;
;;;;;;;;;;;;
;;;;;;;;;;;;
;;;;;;;;;;;;
;;;;;;;;;;;;
;;;;;;;;;;;;
;;;;;;;;;;;;
;;;;;;;;;;;;
;;;;;;;;;;;;
;;;;;;;;;;;;
;;;;;;;;;;;;
;;;;;;;;;;;;
;;;;;;;;;;;;
;;;;;;;;;;;;
;;;;;;;;;;;;
;;;;;;;;;;;;
;;;;;;;;;;;;
;;;;;;;;;;;;
;;;;;;;;;;;;
;;;;;;;;;;;;
;;;;;;;;;;;;
;;;;;;;;;;;;
;;;;;;;;;;;;
;;;;;;;;;;;;
;;;;;;;;;;;;
;;;;;;;;;;;;
