first_name,last_name,email,gender,role,country,company,avatar,lenguage
Annissa,Juniper,ajuniper0@slideshare.net,F,Subcontractor,BR,Gabtune,https://robohash.org/quasiillumid.png?size=50x50&set=set1,Czech
Martelle,Shurmore,mshurmore1@netscape.com,F,Construction Expeditor,PT,Skipfire,https://robohash.org/animiassumendamolestiae.png?size=50x50&set=set1,Tetum
Major,Ogles,mogles2@desdev.cn,F,Engineer,FR,Layo,https://robohash.org/quodsimiliquepariatur.png?size=50x50&set=set1,Other
Colin,Siemantel,csiemantel3@loc.gov,M,Construction Manager,PT,Quinu,https://robohash.org/recusandaequopariatur.png?size=50x50&set=set1,Other
Jerome,Slocumb,jslocumb4@un.org,M,Construction Manager,VG,Other,https://robohash.org/minusearumaut.png?size=50x50&set=set1,Other
Darby,Albion,dalbion5@webmd.com,M,Construction Manager,CN,Other,https://robohash.org/default,Malay
Dallas,Grayston,dgrayston6@xrea.com,M,Construction Foreman,FR,JumpXS,https://robohash.org/utimpeditmagnam.png?size=50x50&set=set1,Oriya
Alvis,Cordsen,acordsen7@ucsd.edu,M,Construction Foreman,CN,Kamba,https://robohash.org/consecteturlaborealiquid.png?size=50x50&set=set1,Burmese
Ingar,Renackowna,irenackowna8@who.int,M,Construction Worker,AR,BlogXS,https://robohash.org/default,Greek
Bertrando,Sherwill,bsherwill9@github.com,M,Construction Manager,PE,Other,https://robohash.org/quamoditquasi.png?size=50x50&set=set1,Other
Rem,Ettridge,rettridgea@bing.com,M,Supervisor,PT,Quinu,https://robohash.org/repellendusreprehenderitsequi.png?size=50x50&set=set1,Other
Glynn,Guirard,gguirardb@miibeian.gov.cn,M,Electrician,PL,Riffpath,https://robohash.org/velitaccusamusvelit.png?size=50x50&set=set1,Other
Freeman,Overshott,fovershottc@imgur.com,M,Architect,PT,Zoombox,https://robohash.org/temporererumvel.png?size=50x50&set=set1,Mongolian
Wainwright,Cosgriff,wcosgriffd@foxnews.com,M,Engineer,DO,Fivebridge,https://robohash.org/fugaeiusquidem.png?size=50x50&set=set1,Other
Pansie,Westphal,pwestphale@hp.com,F,Construction Expeditor,CO,Other,https://robohash.org/inventoreidcorporis.png?size=50x50&set=set1,Other
Elissa,Legrice,elegricef@eepurl.com,F,Construction Foreman,RU,InnoZ,https://robohash.org/default,Tok Pisin
Finlay,Toll,ftollg@studiopress.com,M,Construction Foreman,TH,Minyx,https://robohash.org/eamagnifugiat.png?size=50x50&set=set1,Other
Fawn,Stansby,fstansbyh@loc.gov,F,Supervisor,CZ,Twitterbridge,https://robohash.org/default,Filipino
Kathrine,Hartegan,khartegani@bloomberg.com,F,Construction Foreman,LB,Dynabox,https://robohash.org/dolorvoluptasnulla.png?size=50x50&set=set1,Finnish
Addie,Blincoe,ablincoej@scientificamerican.com,M,Construction Manager,UZ,Quire,https://robohash.org/idsintcorporis.png?size=50x50&set=set1,Telugu
Hansiain,Birkett,hbirkettk@slashdot.org,M,Electrician,FR,Camido,https://robohash.org/default,Tswana
Rosalinde,Brickell,rbrickelll@usa.gov,F,Construction Manager,PH,Yakitri,https://robohash.org/default,Moldovan
Ransom,Thurling,rthurlingm@exblog.jp,M,Construction Worker,CN,Topicstorm,https://robohash.org/harummolestiaevoluptas.png?size=50x50&set=set1,Tok Pisin
Nelli,Mulhill,nmulhilln@youku.com,F,Construction Worker,PH,Twitterbridge,https://robohash.org/quaspraesentiumenim.png?size=50x50&set=set1,Bosnian
Dido,Vibert,dviberto@cocolog-nifty.com,M,Electrician,FR,Gigaclub,https://robohash.org/default,Dari
Waring,Semeradova,wsemeradovap@un.org,M,Subcontractor,UA,Midel,https://robohash.org/utsedexplicabo.png?size=50x50&set=set1,Tetum
Gwyn,Goodding,ggooddingq@ucsd.edu,F,Construction Manager,BR,Other,https://robohash.org/possimusaperiamin.png?size=50x50&set=set1,Czech
Christoper,Alldred,calldredr@ameblo.jp,M,Architect,ID,Tagopia,https://robohash.org/excepturiomniscumque.png?size=50x50&set=set1,Other
Stephani,Coling,scolings@census.gov,F,Estimator,ID,Other,https://robohash.org/veliteaincidunt.png?size=50x50&set=set1,Maltese
Rayshell,Nottingham,rnottinghamt@ftc.gov,F,Architect,CN,Chatterpoint,https://robohash.org/default,Tajik
Samuele,Kiley,skileyu@usatoday.com,M,Construction Worker,ID,Other,https://robohash.org/default,Filipino
Manda,Denness,mdennessv@nih.gov,F,Construction Expeditor,PH,Other,https://robohash.org/molestiaeasperioresvelit.png?size=50x50&set=set1,Zulu
Tony,Gley,tgleyw@miibeian.gov.cn,M,Subcontractor,BY,Babbleset,https://robohash.org/default,Quechua
Verine,Weich,vweichx@howstuffworks.com,F,Project Manager,MX,Other,https://robohash.org/default,Spanish
Blanch,Tadlow,btadlowy@dedecms.com,F,Construction Manager,UA,Oyope,https://robohash.org/default,Other
Elsie,Laudham,elaudhamz@auda.org.au,F,Project Manager,KZ,Realpoint,https://robohash.org/accusamusconsequatureum.png?size=50x50&set=set1,Albanian
Theresita,Vannar,tvannar10@japanpost.jp,F,Construction Foreman,CN,Jaxworks,https://robohash.org/eumaspernatura.png?size=50x50&set=set1,Other
Danna,Copcott,dcopcott11@ebay.com,F,Estimator,FR,Chatterbridge,https://robohash.org/default,Dutch
Leigh,Hirth,lhirth12@discovery.com,M,Estimator,CN,Aibox,https://robohash.org/reprehenderitnemoreiciendis.png?size=50x50&set=set1,Other
Ase,Penniell,apenniell13@goo.gl,M,Architect,JP,Brainlounge,https://robohash.org/default,Tetum
Jorgan,Albasini,jalbasini14@hibu.com,M,Surveyor,UA,Other,https://robohash.org/esseveritatisdistinctio.png?size=50x50&set=set1,German
Rachael,Oldfield,roldfield15@rambler.ru,M,Construction Expeditor,SE,Zooxo,https://robohash.org/aliasvelitvoluptas.png?size=50x50&set=set1,Danish
Paige,Tompkinson,ptompkinson16@psu.edu,F,Project Manager,RS,Other,https://robohash.org/default,Hebrew
Bret,Manifold,bmanifold17@imdb.com,M,Engineer,SE,Other,https://robohash.org/nostrumcupiditatepossimus.png?size=50x50&set=set1,Croatian
Ardyce,Dimbleby,adimbleby18@bbc.co.uk,M,Construction Worker,PT,Kwimbee,https://robohash.org/accusantiumnequenisi.png?size=50x50&set=set1,Georgian
Edward,Clemmett,eclemmett19@accuweather.com,M,Electrician,CN,Yodel,https://robohash.org/inetdoloremque.png?size=50x50&set=set1,English
Arlana,Hirsch,ahirsch1a@networkadvertising.org,F,Surveyor,PH,Dabtype,https://robohash.org/consequaturinventoredoloribus.png?size=50x50&set=set1,Bislama
Benjamen,Sherrington,bsherrington1b@ning.com,M,Project Manager,ID,Yamia,https://robohash.org/placeatodioet.png?size=50x50&set=set1,New Zealand Sign Language
Charline,Lyddiard,clyddiard1c@ameblo.jp,F,Construction Foreman,CN,Cogidoo,https://robohash.org/autmolestiasnihil.png?size=50x50&set=set1,Ndebele
Alexandre,Beaven,abeaven1d@sciencedirect.com,M,Surveyor,SE,Avaveo,https://robohash.org/autetautem.png?size=50x50&set=set1,Northern Sotho
Charmaine,Dugue,cdugue1e@foxnews.com,M,Supervisor,GM,Mydeo,https://robohash.org/ducimusharummaxime.png?size=50x50&set=set1,Arabic
Nelly,Mackinder,nmackinder1f@discuz.net,F,Construction Manager,CN,Zoomcast,https://robohash.org/enimcumin.png?size=50x50&set=set1,Nepali
Antin,McPhail,amcphail1g@msn.com,M,Construction Worker,GR,Eamia,https://robohash.org/officianobisasperiores.png?size=50x50&set=set1,Thai
Angeli,Goodee,agoodee1h@skype.com,M,Electrician,CR,Zoombox,https://robohash.org/default,Estonian
Manda,Bullus,mbullus1i@apache.org,F,Construction Foreman,CL,Feedbug,https://robohash.org/default,Bislama
Doralia,Capehorn,dcapehorn1j@nydailynews.com,F,Supervisor,WS,Eazzy,https://robohash.org/default,Other
Byron,Jemison,bjemison1k@acquirethisname.com,M,Electrician,MX,Blogspan,https://robohash.org/default,Spanish
Morie,Boord,mboord1l@yale.edu,M,Supervisor,CN,Skiba,https://robohash.org/temporibusoditofficiis.png?size=50x50&set=set1,Tswana
Dodie,Maidstone,dmaidstone1m@domainmarket.com,F,Architect,PT,Jabbertype,https://robohash.org/nostrumsitsint.png?size=50x50&set=set1,Norwegian
Broderic,Blastock,bblastock1n@alexa.com,M,Construction Foreman,CN,Eazzy,https://robohash.org/consequaturdeseruntvoluptate.png?size=50x50&set=set1,Other
Mace,Mears,mmears1o@sbwire.com,M,Engineer,VN,Other,https://robohash.org/doloremlaboriosamsimilique.png?size=50x50&set=set1,Tetum
Nikolai,Bynold,nbynold1p@fastcompany.com,F,Subcontractor,AM,Other,https://robohash.org/omnisaccusamussunt.png?size=50x50&set=set1,Assamese
Willetta,Samart,wsamart1q@webmd.com,F,Supervisor,JP,Vinte,https://robohash.org/autemdoloremdelectus.png?size=50x50&set=set1,Other
Susana,Huyche,shuyche1r@newsvine.com,F,Construction Foreman,CN,Kare,https://robohash.org/default,Zulu
Amalia,Stanney,astanney1s@cargocollective.com,F,Construction Expeditor,ID,Rooxo,https://robohash.org/omnisoptioaut.png?size=50x50&set=set1,Czech
Zola,Agar,zagar1t@nbcnews.com,F,Construction Expeditor,SI,Kwinu,https://robohash.org/illumquorepudiandae.png?size=50x50&set=set1,Spanish
Vanna,Georghiou,vgeorghiou1u@shop-pro.jp,F,Construction Foreman,ID,Tagpad,https://robohash.org/etpossimusmollitia.png?size=50x50&set=set1,Kannada
Timmie,Gotliffe,tgotliffe1v@sphinn.com,M,Construction Expeditor,CN,Cogibox,https://robohash.org/inetquia.png?size=50x50&set=set1,Estonian
Papagena,Bricksey,pbricksey1w@acquirethisname.com,F,Construction Manager,SE,Pixonyx,https://robohash.org/default,Other
Odessa,Caulliere,ocaulliere1x@unc.edu,F,Estimator,BY,Skippad,https://robohash.org/estvoluptatibusnostrum.png?size=50x50&set=set1,Quechua
Nehemiah,Pummell,npummell1y@time.com,F,Construction Foreman,CR,Other,https://robohash.org/nostrumquibusdamculpa.png?size=50x50&set=set1,Italian
Alisha,Searl,asearl1z@utexas.edu,F,Estimator,PS,Skajo,https://robohash.org/default,Mongolian
Silas,MacCoveney,smaccoveney20@newsvine.com,M,Engineer,CN,Muxo,https://robohash.org/consequaturcumcommodi.png?size=50x50&set=set1,Other
Trude,Haensel,thaensel21@weebly.com,F,Subcontractor,RU,Youtags,https://robohash.org/default,Haitian Creole
Bernetta,Withur,bwithur22@wikispaces.com,F,Construction Worker,SE,Other,https://robohash.org/laborumvelitab.png?size=50x50&set=set1,Indonesian
Keri,Limmer,klimmer23@so-net.ne.jp,F,Supervisor,AZ,Skyble,https://robohash.org/aliquamdictaneque.png?size=50x50&set=set1,Dhivehi
Brady,Hacking,bhacking24@go.com,F,Surveyor,CO,Voomm,https://robohash.org/default,Other
Quincy,Broun,qbroun25@webeden.co.uk,F,Architect,HR,InnoZ,https://robohash.org/hicidminima.png?size=50x50&set=set1,Māori
Porty,Gozney,pgozney26@state.gov,F,Construction Manager,CO,Tanoodle,https://robohash.org/laboriosamquamvoluptas.png?size=50x50&set=set1,Arabic
Curtice,Faichney,cfaichney27@discovery.com,M,Estimator,BG,Zazio,https://robohash.org/iustorerumquia.png?size=50x50&set=set1,Tetum
Barnabas,Tyre,btyre28@yandex.ru,M,Construction Foreman,CN,Youtags,https://robohash.org/nonidvoluptatem.png?size=50x50&set=set1,Gujarati
Zonda,Janeway,zjaneway29@blogs.com,F,Electrician,KZ,Nlounge,https://robohash.org/voluptatemnecessitatibuset.png?size=50x50&set=set1,Tetum
Templeton,Pollett,tpollett2a@gnu.org,M,Estimator,GR,Dabshots,https://robohash.org/default,Indonesian
Northrop,Dmitrienko,ndmitrienko2b@wiley.com,M,Subcontractor,CZ,Kazu,https://robohash.org/default,Albanian
Farleigh,Treadgall,ftreadgall2c@bandcamp.com,M,Project Manager,SR,Skilith,https://robohash.org/atqueetnihil.png?size=50x50&set=set1,Other
Gregorio,Palumbo,gpalumbo2d@gmpg.org,M,Surveyor,SI,Kimia,https://robohash.org/liberoetunde.png?size=50x50&set=set1,Kyrgyz
Mia,Rouchy,mrouchy2e@google.com.au,F,Construction Foreman,AR,Fadeo,https://robohash.org/rationenecessitatibusadipisci.png?size=50x50&set=set1,Burmese
Janeva,Cosins,jcosins2f@google.com,F,Subcontractor,PE,Ntags,https://robohash.org/deseruntcupiditatequia.png?size=50x50&set=set1,Afrikaans
Juliann,Fullegar,jfullegar2g@mediafire.com,M,Construction Worker,CN,Aivee,https://robohash.org/velitomnisdistinctio.png?size=50x50&set=set1,Maltese
Abe,Andreichik,aandreichik2h@buzzfeed.com,M,Supervisor,AR,Avamm,https://robohash.org/doloremqueporrodistinctio.png?size=50x50&set=set1,Other
Rafferty,Swansbury,rswansbury2i@google.cn,M,Electrician,FR,Buzzster,https://robohash.org/etfacerelaborum.png?size=50x50&set=set1,Romanian
Antonella,Pym,apym2j@princeton.edu,F,Construction Expeditor,RU,Eamia,https://robohash.org/default,Lithuanian
Sophi,Cockerham,scockerham2k@jugem.jp,F,Supervisor,ID,Pixope,https://robohash.org/molestiaenihilaliquid.png?size=50x50&set=set1,Swati
Domeniga,Passo,dpasso2l@networkadvertising.org,F,Supervisor,JP,Skipstorm,https://robohash.org/default,Lithuanian
Karoly,Chatters,kchatters2m@ucsd.edu,F,Architect,RU,Topicstorm,https://robohash.org/default,Montenegrin
Mag,Di Boldi,mdiboldi2n@odnoklassniki.ru,F,Subcontractor,ID,Dynava,https://robohash.org/default,Tajik
Romy,Burge,rburge2o@cnn.com,F,Estimator,CD,Demivee,https://robohash.org/voluptatemeaneque.png?size=50x50&set=set1,Macedonian
Talbot,Blankau,tblankau2p@last.fm,M,Construction Manager,PH,Brainsphere,https://robohash.org/sintipsumsuscipit.png?size=50x50&set=set1,Other
Kinny,Nowick,knowick2q@feedburner.com,M,Surveyor,DO,Feedfire,https://robohash.org/idpariatursint.png?size=50x50&set=set1,Pashto
Carmella,Vannoni,cvannoni2r@bbb.org,F,Surveyor,RU,Other,https://robohash.org/ducimusconsequatursaepe.png?size=50x50&set=set1,Malagasy
Willis,Free,wfree2s@cyberchimps.com,M,Supervisor,PH,Wordtune,https://robohash.org/idrerumlaboriosam.png?size=50x50&set=set1,Other
Frances,McCoish,fmccoish2t@taobao.com,F,Construction Manager,PH,Rooxo,https://robohash.org/default,Guaraní
Amerigo,Raylton,araylton2u@zimbio.com,M,Construction Expeditor,AL,Other,https://robohash.org/evenietutdolorem.png?size=50x50&set=set1,Dutch
Peyton,Fursey,pfursey2v@blogger.com,M,Engineer,PH,Latz,https://robohash.org/default,Afrikaans
Shandra,Ballantyne,sballantyne2w@eepurl.com,F,Surveyor,CN,Chatterbridge,https://robohash.org/default,Swahili
Willetta,Jenk,wjenk2x@angelfire.com,F,Engineer,FR,Skipstorm,https://robohash.org/quaeratarchitectoipsum.png?size=50x50&set=set1,Other
Drucy,Ormond,dormond2y@wsj.com,F,Subcontractor,CN,Wordware,https://robohash.org/default,Irish Gaelic
Raimondo,Phettiplace,rphettiplace2z@blogger.com,M,Construction Expeditor,CN,Katz,https://robohash.org/deseruntfugiatquisquam.png?size=50x50&set=set1,Other
Dalia,Skilbeck,dskilbeck30@over-blog.com,F,Project Manager,LV,Twitterwire,https://robohash.org/quasminimarecusandae.png?size=50x50&set=set1,Guaraní
Karlotta,Ginnell,kginnell31@pinterest.com,F,Engineer,CN,Buzzdog,https://robohash.org/doloresillumnon.png?size=50x50&set=set1,Bulgarian
Cymbre,MacBean,cmacbean32@ifeng.com,F,Construction Foreman,YE,Oodoo,https://robohash.org/default,Kannada
Kordula,Berr,kberr33@mashable.com,F,Construction Expeditor,ID,Minyx,https://robohash.org/default,Bulgarian
Pauly,Molfino,pmolfino34@adobe.com,F,Architect,JP,Shuffletag,https://robohash.org/minusducimuscorporis.png?size=50x50&set=set1,Georgian
Ichabod,Possel,ipossel35@eepurl.com,M,Engineer,ID,Other,https://robohash.org/default,Lithuanian
Eleonora,Lehr,elehr36@google.ru,F,Construction Expeditor,CN,Skiptube,https://robohash.org/expeditaodiovoluptates.png?size=50x50&set=set1,Northern Sotho
Reggis,Doey,rdoey37@blog.com,F,Surveyor,ID,Twimm,https://robohash.org/doloremlaboriosamquia.png?size=50x50&set=set1,Other
Bernie,Hatter,bhatter38@merriam-webster.com,M,Subcontractor,CN,Trilith,https://robohash.org/default,Korean
Jeralee,Gatfield,jgatfield39@bing.com,F,Engineer,CN,Tazz,https://robohash.org/default,Other
Frederic,Paolone,fpaolone3a@adobe.com,M,Construction Manager,CN,Flipstorm,https://robohash.org/nemomaioresquos.png?size=50x50&set=set1,Kyrgyz
Demetre,Guerrazzi,dguerrazzi3b@yahoo.co.jp,M,Surveyor,SY,Camimbo,https://robohash.org/absitnisi.png?size=50x50&set=set1,Other
Turner,Neillans,tneillans3c@nih.gov,M,Construction Worker,PY,Tazzy,https://robohash.org/quiafacilisiure.png?size=50x50&set=set1,Other
Fidela,Collinette,fcollinette3d@feedburner.com,F,Architect,NG,Thoughtblab,https://robohash.org/minimaveniamut.png?size=50x50&set=set1,Other
Veronique,Farndon,vfarndon3e@cafepress.com,F,Construction Expeditor,CN,Geba,https://robohash.org/autetdolore.png?size=50x50&set=set1,Luxembourgish
Rosana,Korpolak,rkorpolak3f@homestead.com,F,Construction Worker,CN,Zoovu,https://robohash.org/sitaliasquidem.png?size=50x50&set=set1,Korean
Rinaldo,Scoffham,rscoffham3g@networksolutions.com,M,Engineer,PL,Other,https://robohash.org/blanditiisdoloremiusto.png?size=50x50&set=set1,New Zealand Sign Language
Kipper,Newlands,knewlands3h@guardian.co.uk,M,Construction Foreman,SR,Vitz,https://robohash.org/consequaturconsequunturqui.png?size=50x50&set=set1,Korean
Nelli,Bridge,nbridge3i@flavors.me,F,Architect,NO,Vinte,https://robohash.org/utremdolor.png?size=50x50&set=set1,Other
Bronson,Wabe,bwabe3j@deviantart.com,M,Surveyor,CZ,Thoughtbeat,https://robohash.org/aututdelectus.png?size=50x50&set=set1,Bengali
Konstantin,Bramelt,kbramelt3k@studiopress.com,M,Project Manager,BG,Meeveo,https://robohash.org/default,Fijian
Farlie,Mottershead,fmottershead3l@tinypic.com,M,Supervisor,PT,Other,https://robohash.org/sitquieos.png?size=50x50&set=set1,Bosnian
Kimmy,Trenbay,ktrenbay3m@mtv.com,F,Electrician,MY,Eire,https://robohash.org/default,Luxembourgish
Kelci,Sage,ksage3n@mashable.com,F,Engineer,CU,Eabox,https://robohash.org/default,Polish
Sisely,Vela,svela3o@noaa.gov,F,Construction Worker,ID,Buzzdog,https://robohash.org/voluptasfugiatquibusdam.png?size=50x50&set=set1,Catalan
Andriette,Varnes,avarnes3p@tmall.com,F,Construction Worker,CN,Other,https://robohash.org/possimusautcupiditate.png?size=50x50&set=set1,Thai
Danita,Teece,dteece3q@wisc.edu,F,Electrician,AR,Skynoodle,https://robohash.org/aliquidipsamnulla.png?size=50x50&set=set1,Chinese
Guido,Comelli,gcomelli3r@wikia.com,M,Construction Foreman,CN,Blognation,https://robohash.org/default,Dari
Tammy,Ivasechko,tivasechko3s@smh.com.au,M,Construction Expeditor,ID,Devpoint,https://robohash.org/default,Luxembourgish
Tucker,Radnedge,tradnedge3t@cbslocal.com,M,Electrician,NO,Devpoint,https://robohash.org/etetvoluptas.png?size=50x50&set=set1,Bislama
Keely,Swadlin,kswadlin3u@yahoo.co.jp,F,Estimator,CZ,Other,https://robohash.org/default,Other
Evelin,Hiner,ehiner3v@elegantthemes.com,M,Supervisor,HN,Devify,https://robohash.org/quisquamperferendisnon.png?size=50x50&set=set1,Other
Trstram,Semiraz,tsemiraz3w@answers.com,M,Construction Foreman,TZ,Miboo,https://robohash.org/default,Other
Brandea,Moring,bmoring3x@tamu.edu,F,Construction Manager,NP,Podcat,https://robohash.org/default,Tajik
Grantham,Shatliff,gshatliff3y@themeforest.net,M,Estimator,PH,Dabfeed,https://robohash.org/default,Khmer
Berti,Shyre,bshyre3z@google.com.br,M,Surveyor,CN,Eayo,https://robohash.org/corporisfacilisminus.png?size=50x50&set=set1,Other
Alexi,Pittham,apittham40@vk.com,F,Electrician,NG,Vidoo,https://robohash.org/corporisnemovero.png?size=50x50&set=set1,Thai
Hortense,Garfit,hgarfit41@shop-pro.jp,F,Estimator,ID,Thoughtbeat,https://robohash.org/default,Belarusian
Coop,Swaffield,cswaffield42@newsvine.com,M,Project Manager,PE,Realblab,https://robohash.org/eiusreiciendisunde.png?size=50x50&set=set1,Afrikaans
Felix,Woolen,fwoolen43@mapy.cz,M,Project Manager,SE,Twitternation,https://robohash.org/voluptatemconsequaturet.png?size=50x50&set=set1,Luxembourgish
Griffy,Stot,gstot44@amazon.co.jp,M,Supervisor,ID,Meeveo,https://robohash.org/voluptasiddeleniti.png?size=50x50&set=set1,Kazakh
Cristionna,Arnaudon,carnaudon45@oaic.gov.au,F,Project Manager,PK,Other,https://robohash.org/default,Dhivehi
Collie,Sinkings,csinkings46@bizjournals.com,F,Architect,SE,Eimbee,https://robohash.org/quiainventoreveritatis.png?size=50x50&set=set1,Azeri
Karlan,Rimmer,krimmer47@usa.gov,F,Surveyor,PE,Other,https://robohash.org/situtnihil.png?size=50x50&set=set1,Other
Norean,Kasper,nkasper48@lycos.com,F,Engineer,NG,Brainverse,https://robohash.org/sequienimexcepturi.png?size=50x50&set=set1,Croatian
Querida,Glassup,qglassup49@gmpg.org,F,Supervisor,AU,Voonix,https://robohash.org/default,Tok Pisin
Shani,Whiten,swhiten4a@narod.ru,F,Construction Worker,CN,Fliptune,https://robohash.org/aquisquas.png?size=50x50&set=set1,Guaraní
Corbin,Rosewarne,crosewarne4b@scribd.com,M,Estimator,EG,Trupe,https://robohash.org/default,Other
Kim,Kyles,kkyles4c@xinhuanet.com,F,Architect,ID,Twitterworks,https://robohash.org/default,Other
Haleigh,Schouthede,hschouthede4d@jigsy.com,M,Construction Worker,ES,Skyble,https://robohash.org/default,Tswana
Corette,Balden,cbalden4e@nydailynews.com,F,Construction Foreman,PL,Brainlounge,https://robohash.org/velitdeseruntest.png?size=50x50&set=set1,Hebrew
Iosep,Errigo,ierrigo4f@myspace.com,M,Construction Expeditor,IE,Kanoodle,https://robohash.org/default,Other
Andriana,Friedank,afriedank4g@ted.com,F,Estimator,PL,Bluejam,https://robohash.org/eumipsumvoluptatum.png?size=50x50&set=set1,Romanian
Nancey,Binnie,nbinnie4h@washingtonpost.com,F,Project Manager,FI,Other,https://robohash.org/default,Catalan
Linea,MacIlurick,lmacilurick4i@abc.net.au,F,Construction Manager,CA,Innotype,https://robohash.org/velitfacilisperferendis.png?size=50x50&set=set1,Hindi
Bernie,Caulcott,bcaulcott4j@wordpress.com,M,Estimator,PT,Zooxo,https://robohash.org/molestiaequisquameligendi.png?size=50x50&set=set1,West Frisian
Junina,Hodcroft,jhodcroft4k@list-manage.com,F,Surveyor,NG,Other,https://robohash.org/utodioet.png?size=50x50&set=set1,Other
Sharlene,Capeling,scapeling4l@xrea.com,F,Estimator,ES,Dynazzy,https://robohash.org/quiadoloresqui.png?size=50x50&set=set1,Portuguese
Rochester,Turmell,rturmell4m@wiley.com,M,Electrician,CN,Feedspan,https://robohash.org/recusandaevoluptatemeaque.png?size=50x50&set=set1,Georgian
Kliment,Bellefonte,kbellefonte4n@timesonline.co.uk,M,Subcontractor,FI,Mita,https://robohash.org/harumdoloremquia.png?size=50x50&set=set1,Georgian
Rinaldo,Sherwen,rsherwen4o@ask.com,M,Construction Foreman,CN,Youspan,https://robohash.org/default,Other
Torrie,Vanacci,tvanacci4p@github.com,M,Project Manager,ID,Devcast,https://robohash.org/optioconsecteturet.png?size=50x50&set=set1,Hiri Motu
Malinda,Jozefczak,mjozefczak4q@moonfruit.com,F,Construction Expeditor,UA,Ntags,https://robohash.org/adipiscicumqueculpa.png?size=50x50&set=set1,Norwegian
Ly,Tyler,ltyler4r@bigcartel.com,M,Architect,CR,Photobug,https://robohash.org/default,Albanian
Sile,Pentecost,spentecost4s@weather.com,F,Electrician,CN,Yadel,https://robohash.org/etrerumdicta.png?size=50x50&set=set1,Māori
Emilie,O'Neil,eoneil4t@bloomberg.com,F,Electrician,CN,Other,https://robohash.org/default,Other
Stesha,Cottisford,scottisford4u@topsy.com,F,Construction Worker,US,Lazz,https://robohash.org/voluptasfugasaepe.png?size=50x50&set=set1,Chinese
Marja,Hurche,mhurche4v@etsy.com,F,Electrician,PL,Other,https://robohash.org/hicetut.png?size=50x50&set=set1,Gagauz
Darby,Pennell,dpennell4w@gmpg.org,M,Architect,ID,Other,https://robohash.org/accusamusfugitveniam.png?size=50x50&set=set1,Croatian
Merci,Mackleden,mmackleden4x@live.com,F,Electrician,TH,Realblab,https://robohash.org/commodisintofficiis.png?size=50x50&set=set1,Swati
Ted,Devonshire,tdevonshire4y@state.gov,F,Construction Worker,CN,Gabvine,https://robohash.org/default,Greek
Erinna,Sterley,esterley4z@mashable.com,F,Subcontractor,ID,Teklist,https://robohash.org/etexcepturiporro.png?size=50x50&set=set1,Other
Concettina,Ewan,cewan50@zimbio.com,F,Estimator,AL,Other,https://robohash.org/default,Dutch
Etheline,Botton,ebotton51@cargocollective.com,F,Construction Foreman,PK,Quinu,https://robohash.org/default,Swahili
Cori,Apperley,capperley52@etsy.com,F,Construction Manager,LV,Voonix,https://robohash.org/autemexercitationemqui.png?size=50x50&set=set1,Other
Travers,Lee,tlee53@scribd.com,M,Subcontractor,PT,Thoughtstorm,https://robohash.org/default,Tsonga
Odey,Bediss,obediss54@blogspot.com,M,Supervisor,CN,Wikivu,https://robohash.org/quasnondignissimos.png?size=50x50&set=set1,Armenian
Karyn,Buckerfield,kbuckerfield55@imgur.com,F,Engineer,MT,Zazio,https://robohash.org/etsequiet.png?size=50x50&set=set1,Hebrew
Sella,Vosper,svosper56@unicef.org,F,Supervisor,RU,Other,https://robohash.org/autemrepellatblanditiis.png?size=50x50&set=set1,Bosnian
Di,Matyugin,dmatyugin57@mail.ru,F,Subcontractor,CN,Other,https://robohash.org/default,Catalan
Pammy,Smalridge,psmalridge58@nih.gov,F,Construction Expeditor,BI,Twitterworks,https://robohash.org/cumqueiurequibusdam.png?size=50x50&set=set1,Portuguese
Shellysheldon,MacCracken,smaccracken59@github.io,F,Electrician,ID,Ntags,https://robohash.org/default,Other
Ursa,Hollingdale,uhollingdale5a@odnoklassniki.ru,F,Construction Expeditor,MM,Other,https://robohash.org/doloripsamet.png?size=50x50&set=set1,Thai
Stephie,Randales,srandales5b@unesco.org,F,Estimator,CN,Viva,https://robohash.org/temporesuscipitquidem.png?size=50x50&set=set1,Kashmiri
Kenton,MacKellar,kmackellar5c@ibm.com,M,Engineer,CN,Flashspan,https://robohash.org/rationeconsequunturmolestiae.png?size=50x50&set=set1,Czech
Kevyn,Mangham,kmangham5d@qq.com,M,Construction Manager,AZ,Abatz,https://robohash.org/velitdebitisnumquam.png?size=50x50&set=set1,Dhivehi
Grange,Scruby,gscruby5e@discovery.com,M,Surveyor,SN,Buzzster,https://robohash.org/default,German
Emery,Shadrach,eshadrach5f@360.cn,M,Supervisor,PS,Flashpoint,https://robohash.org/excepturitotamaut.png?size=50x50&set=set1,Other
Fairleigh,MacPeake,fmacpeake5g@dell.com,M,Engineer,BG,Skaboo,https://robohash.org/default,Pashto
Darrel,Goman,dgoman5h@hc360.com,M,Subcontractor,CN,Geba,https://robohash.org/rerumvoluptatemqui.png?size=50x50&set=set1,Filipino
Agnella,Anselm,aanselm5i@surveymonkey.com,F,Electrician,CN,Trupe,https://robohash.org/voluptatemdoloresqui.png?size=50x50&set=set1,Maltese
Ingelbert,Ronan,ironan5j@mlb.com,M,Construction Expeditor,CN,Other,https://robohash.org/repellendusautvoluptatem.png?size=50x50&set=set1,Quechua
Rochester,Turmell,rturmell4m@wiley.com,M,Electrician,CN,Feedspan,https://robohash.org/recusandaevoluptatemeaque.png?size=50x50&set=set1,Georgian
Kliment,Bellefonte,kbellefonte4n@timesonline.co.uk,M,Subcontractor,FI,Mita,https://robohash.org/harumdoloremquia.png?size=50x50&set=set1,Georgian
Rinaldo,Sherwen,rsherwen4o@ask.com,M,Construction Foreman,CN,Youspan,https://robohash.org/default,Other
Torrie,Vanacci,tvanacci4p@github.com,F,Project Manager,ID,Devcast,https://robohash.org/optioconsecteturet.png?size=50x50&set=set1,Hiri Motu
Malinda,Jozefczak,mjozefczak4q@moonfruit.com,F,Construction Expeditor,UA,Ntags,https://robohash.org/adipiscicumqueculpa.png?size=50x50&set=set1,Norwegian
Ly,Tyler,ltyler4r@bigcartel.com,M,Architect,CR,Photobug,https://robohash.org/default,Albanian
Sile,Pentecost,spentecost4s@weather.com,F,Electrician,CN,Yadel,https://robohash.org/etrerumdicta.png?size=50x50&set=set1,Māori
Emilie,O'Neil,eoneil4t@bloomberg.com,F,Electrician,CN,Other,https://robohash.org/default,Other
Stesha,Cottisford,scottisford4u@topsy.com,F,Construction Worker,US,Lazz,https://robohash.org/voluptasfugasaepe.png?size=50x50&set=set1,Chinese
Marja,Hurche,mhurche4v@etsy.com,F,Electrician,PL,Other,https://robohash.org/hicetut.png?size=50x50&set=set1,Gagauz
Darby,Pennell,dpennell4w@gmpg.org,M,Architect,ID,Other,https://robohash.org/accusamusfugitveniam.png?size=50x50&set=set1,Croatian
Merci,Mackleden,mmackleden4x@live.com,F,Electrician,TH,Realblab,https://robohash.org/commodisintofficiis.png?size=50x50&set=set1,Swati
Ted,Devonshire,tdevonshire4y@state.gov,F,Construction Worker,CN,Gabvine,https://robohash.org/default,Greek
Erinna,Sterley,esterley4z@mashable.com,F,Subcontractor,ID,Teklist,https://robohash.org/etexcepturiporro.png?size=50x50&set=set1,Other
Concettina,Ewan,cewan50@zimbio.com,F,Estimator,AL,Other,https://robohash.org/default,Dutch
Etheline,Botton,ebotton51@cargocollective.com,F,Construction Foreman,PK,Quinu,https://robohash.org/default,Swahili
Cori,Apperley,capperley52@etsy.com,F,Construction Manager,LV,Voonix,https://robohash.org/autemexercitationemqui.png?size=50x50&set=set1,Other
Travers,Lee,tlee53@scribd.com,M,Subcontractor,PT,Thoughtstorm,https://robohash.org/default,Tsonga
Odey,Bediss,obediss54@blogspot.com,M,Supervisor,CN,Wikivu,https://robohash.org/quasnondignissimos.png?size=50x50&set=set1,Armenian
Karyn,Buckerfield,kbuckerfield55@imgur.com,F,Engineer,MT,Zazio,https://robohash.org/etsequiet.png?size=50x50&set=set1,Hebrew
Sella,Vosper,svosper56@unicef.org,F,Supervisor,RU,Other,https://robohash.org/autemrepellatblanditiis.png?size=50x50&set=set1,Bosnian
Di,Matyugin,dmatyugin57@mail.ru,F,Subcontractor,CN,Other,https://robohash.org/default,Catalan
Pammy,Smalridge,psmalridge58@nih.gov,F,Construction Expeditor,BI,Twitterworks,https://robohash.org/cumqueiurequibusdam.png?size=50x50&set=set1,Portuguese
Shellysheldon,MacCracken,smaccracken59@github.io,F,Electrician,ID,Ntags,https://robohash.org/default,Other
Ursa,Hollingdale,uhollingdale5a@odnoklassniki.ru,F,Construction Expeditor,MM,Other,https://robohash.org/doloripsamet.png?size=50x50&set=set1,Thai
Stephie,Randales,srandales5b@unesco.org,F,Estimator,CN,Viva,https://robohash.org/temporesuscipitquidem.png?size=50x50&set=set1,Kashmiri
Kenton,MacKellar,kmackellar5c@ibm.com,M,Engineer,CN,Flashspan,https://robohash.org/rationeconsequunturmolestiae.png?size=50x50&set=set1,Czech
Kevyn,Mangham,kmangham5d@qq.com,M,Construction Manager,AZ,Abatz,https://robohash.org/velitdebitisnumquam.png?size=50x50&set=set1,Dhivehi
Grange,Scruby,gscruby5e@discovery.com,M,Surveyor,SN,Buzzster,https://robohash.org/default,German
Emery,Shadrach,eshadrach5f@360.cn,M,Supervisor,PS,Flashpoint,https://robohash.org/excepturitotamaut.png?size=50x50&set=set1,Other
Fairleigh,MacPeake,fmacpeake5g@dell.com,M,Engineer,BG,Skaboo,https://robohash.org/default,Pashto
Darrel,Goman,dgoman5h@hc360.com,M,Subcontractor,CN,Geba,https://robohash.org/rerumvoluptatemqui.png?size=50x50&set=set1,Filipino
Agnella,Anselm,aanselm5i@surveymonkey.com,F,Electrician,CN,Trupe,https://robohash.org/voluptatemdoloresqui.png?size=50x50&set=set1,Maltese
Ingelbert,Ronan,ironan5j@mlb.com,M,Construction Expeditor,CN,Other,https://robohash.org/repellendusautvoluptatem.png?size=50x50&set=set1,Quechua
Annissa,Juniper,ajuniper0@slideshare.net,F,Subcontractor,BR,Gabtune,https://robohash.org/quasiillumid.png?size=50x50&set=set1,Czech
Martelle,Shurmore,mshurmore1@netscape.com,F,Construction Expeditor,PT,Skipfire,https://robohash.org/animiassumendamolestiae.png?size=50x50&set=set1,Tetum
Major,Ogles,mogles2@desdev.cn,M,Engineer,FR,Layo,https://robohash.org/quodsimiliquepariatur.png?size=50x50&set=set1,Other
Colin,Siemantel,csiemantel3@loc.gov,M,Construction Manager,PT,Quinu,https://robohash.org/recusandaequopariatur.png?size=50x50&set=set1,Other
Jerome,Slocumb,jslocumb4@un.org,M,Construction Manager,VG,Other,https://robohash.org/minusearumaut.png?size=50x50&set=set1,Other
Darby,Albion,dalbion5@webmd.com,M,Construction Manager,CN,Other,https://robohash.org/default,Malay
Dallas,Grayston,dgrayston6@xrea.com,M,Construction Foreman,FR,JumpXS,https://robohash.org/utimpeditmagnam.png?size=50x50&set=set1,Oriya
Alvis,Cordsen,acordsen7@ucsd.edu,M,Construction Foreman,CN,Kamba,https://robohash.org/consecteturlaborealiquid.png?size=50x50&set=set1,Burmese
Ingar,Renackowna,irenackowna8@who.int,M,Construction Worker,AR,BlogXS,https://robohash.org/default,Greek
Bertrando,Sherwill,bsherwill9@github.com,M,Construction Manager,PE,Other,https://robohash.org/quamoditquasi.png?size=50x50&set=set1,Other
Rem,Ettridge,rettridgea@bing.com,M,Supervisor,PT,Quinu,https://robohash.org/repellendusreprehenderitsequi.png?size=50x50&set=set1,Other
Glynn,Guirard,gguirardb@miibeian.gov.cn,M,Electrician,PL,Riffpath,https://robohash.org/velitaccusamusvelit.png?size=50x50&set=set1,Other
Freeman,Overshott,fovershottc@imgur.com,M,Architect,PT,Zoombox,https://robohash.org/temporererumvel.png?size=50x50&set=set1,Mongolian
Wainwright,Cosgriff,wcosgriffd@foxnews.com,M,Engineer,DO,Fivebridge,https://robohash.org/fugaeiusquidem.png?size=50x50&set=set1,Other
Pansie,Westphal,pwestphale@hp.com,F,Construction Expeditor,CO,Other,https://robohash.org/inventoreidcorporis.png?size=50x50&set=set1,Other
Cristionna,Arnaudon,carnaudon45@oaic.gov.au,F,Project Manager,PK,Other,https://robohash.org/default,Dhivehi
Collie,Sinkings,csinkings46@bizjournals.com,F,Architect,SE,Eimbee,https://robohash.org/quiainventoreveritatis.png?size=50x50&set=set1,Azeri
Karlan,Rimmer,krimmer47@usa.gov,F,Surveyor,PE,Other,https://robohash.org/situtnihil.png?size=50x50&set=set1,Other
Norean,Kasper,nkasper48@lycos.com,F,Engineer,NG,Brainverse,https://robohash.org/sequienimexcepturi.png?size=50x50&set=set1,Croatian
Querida,Glassup,qglassup49@gmpg.org,F,Supervisor,AU,Voonix,https://robohash.org/default,Tok Pisin
Shani,Whiten,swhiten4a@narod.ru,F,Construction Worker,CN,Fliptune,https://robohash.org/aquisquas.png?size=50x50&set=set1,Guaraní
Corbin,Rosewarne,crosewarne4b@scribd.com,M,Estimator,EG,Trupe,https://robohash.org/default,Other
Kim,Kyles,kkyles4c@xinhuanet.com,F,Architect,ID,Twitterworks,https://robohash.org/default,Other
Haleigh,Schouthede,hschouthede4d@jigsy.com,M,Construction Worker,ES,Skyble,https://robohash.org/default,Tswana
Corette,Balden,cbalden4e@nydailynews.com,F,Construction Foreman,PL,Brainlounge,https://robohash.org/velitdeseruntest.png?size=50x50&set=set1,Hebrew
Iosep,Errigo,ierrigo4f@myspace.com,M,Construction Expeditor,IE,Kanoodle,https://robohash.org/default,Other
Andriana,Friedank,afriedank4g@ted.com,F,Estimator,PL,Bluejam,https://robohash.org/eumipsumvoluptatum.png?size=50x50&set=set1,Romanian
Nancey,Binnie,nbinnie4h@washingtonpost.com,F,Project Manager,FI,Other,https://robohash.org/default,Catalan
Linea,MacIlurick,lmacilurick4i@abc.net.au,F,Construction Manager,CA,Innotype,https://robohash.org/velitfacilisperferendis.png?size=50x50&set=set1,Hindi
Bernie,Caulcott,bcaulcott4j@wordpress.com,F,Estimator,PT,Zooxo,https://robohash.org/molestiaequisquameligendi.png?size=50x50&set=set1,West Frisian
